id,speech_source,noise_type,noise_source,snr_db,impulse_timestamp_sec
pair_00000,data/clean/LibriSpeech\dev-clean\1988\24833\1988-24833-0003.wav,impulsive,data/clean/SESA\train\gunshot_023.wav,10.68,3.4593125
pair_00001,data/clean/LibriSpeech\dev-clean\777\126732\777-126732-0012.wav,nonstationary,data/clean/musan/music\fma-western-art\music-fma-wa-0067.wav,-3.62,
pair_00002,data/clean/LibriSpeech\dev-clean\652\130737\652-130737-0012.wav,impulsive,data/clean/SESA\test\explosion_113.wav,-0.04,0.50375
pair_00003,data/clean/LibriSpeech\dev-clean\5338\284437\5338-284437-0026.wav,nonstationary,data/clean/musan/music\rfm\music-rfm-0064.wav,1.19,
pair_00004,data/clean/LibriSpeech\dev-clean\1673\143397\1673-143397-0011.wav,mixed,data/clean/musan/noise\free-sound\noise-free-sound-0643.wav + data/clean/SESA\train\gunshot_051.wav,13.11,1.762875
pair_00005,data/clean/LibriSpeech\dev-clean\1993\147964\1993-147964-0000.wav,nonstationary,data/clean/musan/music\jamendo\music-jamendo-0169.wav,-3.5,
pair_00006,data/clean/LibriSpeech\dev-clean\7976\105575\7976-105575-0022.wav,nonstationary,data/clean/musan/music\rfm\music-rfm-0012.wav,10.8,
pair_00007,data/clean/LibriSpeech\dev-clean\2078\142845\2078-142845-0041.wav,stationary,data/clean/musan/noise\free-sound\noise-free-sound-0210.wav,1.92,
pair_00008,data/clean/LibriSpeech\dev-clean\7976\110124\7976-110124-0011.wav,nonstationary,data/clean/musan/music\jamendo\music-jamendo-0134.wav,-4.23,
pair_00009,data/clean/LibriSpeech\dev-clean\3536\8226\3536-8226-0029.wav,stationary,data/clean/musan/noise\free-sound\noise-free-sound-0286.wav,10.0,
pair_00010,data/clean/LibriSpeech\dev-clean\3576\138058\3576-138058-0038.wav,stationary,data/clean/musan/noise\free-sound\noise-free-sound-0099.wav,1.96,
pair_00011,data/clean/LibriSpeech\dev-clean\6241\66616\6241-66616-0019.wav,stationary,data/clean/musan/noise\free-sound\noise-free-sound-0493.wav,-4.76,
pair_00012,data/clean/LibriSpeech\dev-clean\777\126732\777-126732-0042.wav,impulsive,data/clean/SESA\train\explosion_016.wav,7.54,1.8120625
pair_00013,data/clean/LibriSpeech\dev-clean\174\50561\174-50561-0000.wav,nonstationary,data/clean/musan/music\fma-western-art\music-fma-wa-0019.wav,7.77,
pair_00014,data/clean/LibriSpeech\dev-clean\174\84280\174-84280-0006.wav,impulsive,data/clean/SESA\test\gunshot_032.wav,5.93,0.094875
pair_00015,data/clean/LibriSpeech\dev-clean\5536\43363\5536-43363-0015.wav,impulsive,data/clean/SESA\train\explosion_137.wav,-2.48,0.1578125
pair_00016,data/clean/LibriSpeech\dev-clean\2412\153948\2412-153948-0007.wav,stationary,data/clean/musan/noise\free-sound\noise-free-sound-0489.wav,-1.49,
pair_00017,data/clean/LibriSpeech\dev-clean\2428\83699\2428-83699-0034.wav,mixed,data/clean/musan/noise\free-sound\noise-free-sound-0373.wav + data/clean/SESA\train\siren_046.wav,14.98,0.8205
pair_00018,data/clean/LibriSpeech\dev-clean\652\130726\652-130726-0008.wav,nonstationary,data/clean/musan/music\fma\music-fma-0032.wav,13.62,
pair_00019,data/clean/LibriSpeech\dev-clean\3853\163249\3853-163249-0035.wav,nonstationary,data/clean/musan/music\jamendo\music-jamendo-0110.wav,5.49,
pair_00020,data/clean/LibriSpeech\dev-clean\3536\23268\3536-23268-0014.wav,nonstationary,data/clean/musan/music\fma-western-art\music-fma-wa-0071.wav,-3.78,
pair_00021,data/clean/LibriSpeech\dev-clean\84\121550\84-121550-0018.wav,stationary,data/clean/musan/noise\free-sound\noise-free-sound-0353.wav,-1.6,
pair_00022,data/clean/LibriSpeech\dev-clean\6313\76958\6313-76958-0002.wav,stationary,data/clean/musan/noise\free-sound\noise-free-sound-0817.wav,-3.37,
pair_00023,data/clean/LibriSpeech\dev-clean\6313\66129\6313-66129-0027.wav,nonstationary,data/clean/musan/music\hd-classical\music-hd-0013.wav,6.17,
pair_00024,data/clean/LibriSpeech\dev-clean\7850\281318\7850-281318-0019.wav,impulsive,data/clean/SESA\train\gunshot_048.wav,8.88,0.5463125
pair_00025,data/clean/LibriSpeech\dev-clean\1462\170142\1462-170142-0018.wav,stationary,data/clean/musan/noise\free-sound\noise-free-sound-0081.wav,12.24,
pair_00026,data/clean/LibriSpeech\dev-clean\2277\149874\2277-149874-0012.wav,mixed,data/clean/musan/noise\free-sound\noise-free-sound-0419.wav + data/clean/SESA\test\explosion_040.wav,-3.24,0.1146875
pair_00027,data/clean/LibriSpeech\dev-clean\3000\15664\3000-15664-0043.wav,stationary,data/clean/musan/noise\free-sound\noise-free-sound-0672.wav,11.0,
pair_00028,data/clean/LibriSpeech\dev-clean\2428\83699\2428-83699-0024.wav,impulsive,data/clean/SESA\train\siren_044.wav,6.65,0.5499375
pair_00029,data/clean/LibriSpeech\dev-clean\6313\66125\6313-66125-0011.wav,impulsive,data/clean/SESA\train\explosion_112.wav,5.45,0.56
pair_00030,data/clean/LibriSpeech\dev-clean\422\122949\422-122949-0035.wav,stationary,data/clean/musan/noise\free-sound\noise-free-sound-0334.wav,11.86,
pair_00031,data/clean/LibriSpeech\dev-clean\652\130726\652-130726-0009.wav,stationary,data/clean/musan/noise\free-sound\noise-free-sound-0319.wav,11.22,
pair_00032,data/clean/LibriSpeech\dev-clean\6313\66129\6313-66129-0023.wav,impulsive,data/clean/SESA\train\gunshot_060.wav,10.89,0.5106875
pair_00033,data/clean/LibriSpeech\dev-clean\6295\64301\6295-64301-0023.wav,nonstationary,data/clean/musan/music\jamendo\music-jamendo-0152.wav,3.29,
pair_00034,data/clean/LibriSpeech\dev-clean\6345\64257\6345-64257-0005.wav,stationary,data/clean/musan/noise\free-sound\noise-free-sound-0421.wav,12.19,
pair_00035,data/clean/LibriSpeech\dev-clean\6295\64301\6295-64301-0017.wav,mixed,data/clean/musan/noise\free-sound\noise-free-sound-0788.wav + data/clean/SESA\test\explosion_189.wav,12.7,0.5135
pair_00036,data/clean/LibriSpeech\dev-clean\5895\34615\5895-34615-0008.wav,impulsive,data/clean/SESA\train\explosion_111.wav,3.7,0.2216875
pair_00037,data/clean/LibriSpeech\dev-clean\5895\34622\5895-34622-0015.wav,mixed,data/clean/musan/noise\free-sound\noise-free-sound-0103.wav + data/clean/SESA\train\siren_043.wav,10.44,1.4295
pair_00038,data/clean/LibriSpeech\dev-clean\1988\148538\1988-148538-0008.wav,stationary,data/clean/musan/noise\free-sound\noise-free-sound-0699.wav,4.69,
pair_00039,data/clean/LibriSpeech\dev-clean\2078\142845\2078-142845-0000.wav,mixed,data/clean/musan/noise\free-sound\noise-free-sound-0132.wav + data/clean/SESA\train\explosion_184.wav,-3.03,0.4715625
pair_00040,data/clean/LibriSpeech\dev-clean\2086\149220\2086-149220-0047.wav,stationary,data/clean/musan/noise\free-sound\noise-free-sound-0548.wav,-0.45,
pair_00041,data/clean/LibriSpeech\dev-clean\5895\34615\5895-34615-0013.wav,nonstationary,data/clean/musan/music\hd-classical\music-hd-0055.wav,14.64,
pair_00042,data/clean/LibriSpeech\dev-clean\3081\166546\3081-166546-0071.wav,stationary,data/clean/musan/noise\free-sound\noise-free-sound-0311.wav,7.85,
pair_00043,data/clean/LibriSpeech\dev-clean\6313\76958\6313-76958-0027.wav,stationary,data/clean/musan/noise\free-sound\noise-free-sound-0761.wav,-0.85,
pair_00044,data/clean/LibriSpeech\dev-clean\1462\170145\1462-170145-0009.wav,mixed,data/clean/musan/noise\free-sound\noise-free-sound-0202.wav + data/clean/SESA\train\gunshot_078.wav,14.9,1.0808125
pair_00045,data/clean/LibriSpeech\dev-clean\3081\166546\3081-166546-0046.wav,impulsive,data/clean/SESA\train\explosion_098.wav,-4.26,0.7896875
pair_00046,data/clean/LibriSpeech\dev-clean\3752\4944\3752-4944-0005.wav,impulsive,data/clean/SESA\train\explosion_120.wav,-4.16,0.3703125
pair_00047,data/clean/LibriSpeech\dev-clean\3752\4943\3752-4943-0009.wav,mixed,data/clean/musan/noise\free-sound\noise-free-sound-0591.wav + data/clean/SESA\train\explosion_081.wav,12.47,0.8628125
pair_00048,data/clean/LibriSpeech\dev-clean\174\50561\174-50561-0000.wav,mixed,data/clean/musan/noise\free-sound\noise-free-sound-0659.wav + data/clean/SESA\train\siren_038.wav,11.73,0.069625
pair_00049,data/clean/LibriSpeech\dev-clean\6345\93302\6345-93302-0004.wav,mixed,data/clean/musan/noise\free-sound\noise-free-sound-0839.wav + data/clean/SESA\train\explosion_180.wav,10.79,0.018375
pair_00050,data/clean/LibriSpeech\dev-clean\1462\170145\1462-170145-0021.wav,stationary,data/clean/musan/noise\free-sound\noise-free-sound-0803.wav,12.48,
pair_00051,data/clean/LibriSpeech\dev-clean\5694\64029\5694-64029-0007.wav,stationary,data/clean/musan/noise\free-sound\noise-free-sound-0031.wav,-4.85,
pair_00052,data/clean/LibriSpeech\dev-clean\8297\275156\8297-275156-0007.wav,nonstationary,data/clean/musan/music\hd-classical\music-hd-0011.wav,12.67,
pair_00053,data/clean/LibriSpeech\dev-clean\2035\152373\2035-152373-0000.wav,nonstationary,data/clean/musan/music\fma-western-art\music-fma-wa-0019.wav,8.75,
pair_00054,data/clean/LibriSpeech\dev-clean\6345\93302\6345-93302-0001.wav,stationary,data/clean/musan/noise\free-sound\noise-free-sound-0356.wav,6.6,
pair_00055,data/clean/LibriSpeech\dev-clean\2277\149896\2277-149896-0016.wav,stationary,data/clean/musan/noise\free-sound\noise-free-sound-0569.wav,2.55,
pair_00056,data/clean/LibriSpeech\dev-clean\6295\244435\6295-244435-0019.wav,stationary,data/clean/musan/noise\free-sound\noise-free-sound-0068.wav,9.0,
pair_00057,data/clean/LibriSpeech\dev-clean\6319\64726\6319-64726-0014.wav,mixed,data/clean/musan/noise\free-sound\noise-free-sound-0538.wav + data/clean/SESA\test\explosion_052.wav,13.59,0.0963125
pair_00058,data/clean/LibriSpeech\dev-clean\7976\105575\7976-105575-0002.wav,nonstationary,data/clean/musan/music\hd-classical\music-hd-0016.wav,-1.25,
pair_00059,data/clean/LibriSpeech\dev-clean\251\118436\251-118436-0019.wav,impulsive,data/clean/SESA\train\explosion_159.wav,-0.85,3.6771875
pair_00060,data/clean/LibriSpeech\dev-clean\1272\141231\1272-141231-0028.wav,impulsive,data/clean/SESA\train\siren_077.wav,4.46,0.455
pair_00061,data/clean/LibriSpeech\dev-clean\174\84280\174-84280-0010.wav,nonstationary,data/clean/musan/music\rfm\music-rfm-0035.wav,3.38,
pair_00062,data/clean/LibriSpeech\dev-clean\174\168635\174-168635-0018.wav,nonstationary,data/clean/musan/music\fma\music-fma-0080.wav,11.8,
pair_00063,data/clean/LibriSpeech\dev-clean\6313\66125\6313-66125-0018.wav,nonstationary,data/clean/musan/music\jamendo\music-jamendo-0010.wav,-4.6,
pair_00064,data/clean/LibriSpeech\dev-clean\2035\147961\2035-147961-0040.wav,nonstationary,data/clean/musan/music\hd-classical\music-hd-0028.wav,-4.91,
pair_00065,data/clean/LibriSpeech\dev-clean\8297\275156\8297-275156-0004.wav,stationary,data/clean/musan/noise\free-sound\noise-free-sound-0304.wav,12.06,
pair_00066,data/clean/LibriSpeech\dev-clean\5338\284437\5338-284437-0002.wav,mixed,data/clean/musan/noise\free-sound\noise-free-sound-0472.wav + data/clean/SESA\test\explosion_113.wav,-3.74,1.36225
pair_00067,data/clean/LibriSpeech\dev-clean\6313\66125\6313-66125-0004.wav,stationary,data/clean/musan/noise\free-sound\noise-free-sound-0213.wav,6.11,
pair_00068,data/clean/LibriSpeech\dev-clean\84\121550\84-121550-0024.wav,impulsive,data/clean/SESA\train\explosion_150.wav,3.03,1.78025
pair_00069,data/clean/LibriSpeech\dev-clean\1673\143397\1673-143397-0004.wav,stationary,data/clean/musan/noise\free-sound\noise-free-sound-0532.wav,-1.63,
pair_00070,data/clean/LibriSpeech\dev-clean\251\118436\251-118436-0008.wav,nonstationary,data/clean/musan/music\fma-western-art\music-fma-wa-0006.wav,3.76,
pair_00071,data/clean/LibriSpeech\dev-clean\2078\142845\2078-142845-0007.wav,impulsive,data/clean/SESA\train\explosion_122.wav,13.34,14.1503125
pair_00072,data/clean/LibriSpeech\dev-clean\6319\275224\6319-275224-0008.wav,stationary,data/clean/musan/noise\free-sound\noise-free-sound-0169.wav,-0.75,
pair_00073,data/clean/LibriSpeech\dev-clean\5338\284437\5338-284437-0006.wav,stationary,data/clean/musan/noise\free-sound\noise-free-sound-0076.wav,7.26,
pair_00074,data/clean/LibriSpeech\dev-clean\251\137823\251-137823-0026.wav,nonstationary,data/clean/musan/music\fma-western-art\music-fma-wa-0029.wav,5.67,
pair_00075,data/clean/LibriSpeech\dev-clean\3000\15664\3000-15664-0043.wav,stationary,data/clean/musan/noise\free-sound\noise-free-sound-0047.wav,5.36,
pair_00076,data/clean/LibriSpeech\dev-clean\2428\83699\2428-83699-0022.wav,stationary,data/clean/musan/noise\free-sound\noise-free-sound-0219.wav,0.91,
pair_00077,data/clean/LibriSpeech\dev-clean\7850\73752\7850-73752-0008.wav,mixed,data/clean/musan/noise\sound-bible\noise-sound-bible-0055.wav + data/clean/SESA\train\siren_001.wav,14.3,0.1474375
pair_00078,data/clean/LibriSpeech\dev-clean\1988\148538\1988-148538-0005.wav,nonstationary,data/clean/musan/music\hd-classical\music-hd-0017.wav,7.95,
pair_00079,data/clean/LibriSpeech\dev-clean\1988\148538\1988-148538-0010.wav,mixed,data/clean/musan/noise\free-sound\noise-free-sound-0472.wav + data/clean/SESA\train\explosion_154.wav,4.73,0.045875
pair_00080,data/clean/LibriSpeech\dev-clean\3752\4943\3752-4943-0005.wav,impulsive,data/clean/SESA\train\gunshot_056.wav,14.88,1.518125
pair_00081,data/clean/LibriSpeech\dev-clean\8297\275154\8297-275154-0024.wav,nonstationary,data/clean/musan/music\jamendo\music-jamendo-0109.wav,10.32,
pair_00082,data/clean/LibriSpeech\dev-clean\5536\43359\5536-43359-0010.wav,mixed,data/clean/musan/noise\free-sound\noise-free-sound-0007.wav + data/clean/SESA\train\explosion_037.wav,2.39,1.403375
pair_00083,data/clean/LibriSpeech\dev-clean\2035\152373\2035-152373-0007.wav,impulsive,data/clean/SESA\train\explosion_137.wav,-2.06,0.1995
pair_00084,data/clean/LibriSpeech\dev-clean\5694\64038\5694-64038-0013.wav,nonstationary,data/clean/musan/music\fma\music-fma-0006.wav,0.23,
pair_00085,data/clean/LibriSpeech\dev-clean\5536\43363\5536-43363-0006.wav,stationary,data/clean/musan/noise\free-sound\noise-free-sound-0544.wav,1.83,
pair_00086,data/clean/LibriSpeech\dev-clean\8297\275156\8297-275156-0007.wav,impulsive,data/clean/SESA\train\siren_088.wav,6.39,1.6285
pair_00087,data/clean/LibriSpeech\dev-clean\251\137823\251-137823-0010.wav,mixed,data/clean/musan/noise\sound-bible\noise-sound-bible-0047.wav + data/clean/SESA\train\explosion_020.wav,-4.74,0.6555625
pair_00088,data/clean/LibriSpeech\dev-clean\3853\163249\3853-163249-0034.wav,impulsive,data/clean/SESA\train\explosion_202.wav,10.07,0.1024375
pair_00089,data/clean/LibriSpeech\dev-clean\5694\64029\5694-64029-0003.wav,nonstationary,data/clean/musan/music\hd-classical\music-hd-0018.wav,8.03,
pair_00090,data/clean/LibriSpeech\dev-clean\3853\163249\3853-163249-0008.wav,mixed,data/clean/musan/noise\free-sound\noise-free-sound-0025.wav + data/clean/SESA\train\siren_060.wav,10.54,0.21725
pair_00091,data/clean/LibriSpeech\dev-clean\5536\43359\5536-43359-0012.wav,nonstationary,data/clean/musan/music\hd-classical\music-hd-0065.wav,12.29,
pair_00092,data/clean/LibriSpeech\dev-clean\5895\34615\5895-34615-0011.wav,mixed,data/clean/musan/noise\free-sound\noise-free-sound-0133.wav + data/clean/SESA\train\siren_036.wav,9.33,0.1254375
pair_00093,data/clean/LibriSpeech\dev-clean\2412\153954\2412-153954-0010.wav,stationary,data/clean/musan/noise\free-sound\noise-free-sound-0262.wav,8.61,
pair_00094,data/clean/LibriSpeech\dev-clean\6313\66125\6313-66125-0012.wav,impulsive,data/clean/SESA\test\gunshot_032.wav,-0.53,0.7690625
pair_00095,data/clean/LibriSpeech\dev-clean\3170\137482\3170-137482-0014.wav,mixed,data/clean/musan/noise\free-sound\noise-free-sound-0273.wav + data/clean/SESA\train\explosion_014.wav,-4.18,0.34025
pair_00096,data/clean/LibriSpeech\dev-clean\652\130726\652-130726-0029.wav,impulsive,data/clean/SESA\test\explosion_052.wav,3.22,3.1886875
pair_00097,data/clean/LibriSpeech\dev-clean\652\129742\652-129742-0011.wav,mixed,data/clean/musan/noise\free-sound\noise-free-sound-0097.wav + data/clean/SESA\train\gunshot_059.wav,-0.98,0.2118125
pair_00098,data/clean/LibriSpeech\dev-clean\1988\147956\1988-147956-0000.wav,mixed,data/clean/musan/noise\free-sound\noise-free-sound-0438.wav + data/clean/SESA\test\explosion_119.wav,8.01,9.7610625
pair_00099,data/clean/LibriSpeech\dev-clean\8297\275155\8297-275155-0030.wav,stationary,data/clean/musan/noise\free-sound\noise-free-sound-0811.wav,-0.73,
pair_00100,data/clean/LibriSpeech\dev-clean\5694\64029\5694-64029-0021.wav,impulsive,data/clean/SESA\train\gunshot_056.wav,-0.12,0.367
pair_00101,data/clean/LibriSpeech\dev-clean\1462\170142\1462-170142-0012.wav,nonstationary,data/clean/musan/music\jamendo\music-jamendo-0196.wav,6.96,
pair_00102,data/clean/LibriSpeech\dev-clean\6241\61946\6241-61946-0010.wav,mixed,data/clean/musan/noise\free-sound\noise-free-sound-0833.wav + data/clean/SESA\train\gunshot_036.wav,2.42,0.2560625
pair_00103,data/clean/LibriSpeech\dev-clean\5338\24615\5338-24615-0002.wav,stationary,data/clean/musan/noise\free-sound\noise-free-sound-0634.wav,10.33,
pair_00104,data/clean/LibriSpeech\dev-clean\3576\138058\3576-138058-0024.wav,impulsive,data/clean/SESA\test\explosion_203.wav,5.35,11.4945
pair_00105,data/clean/LibriSpeech\dev-clean\2428\83705\2428-83705-0026.wav,stationary,data/clean/musan/noise\free-sound\noise-free-sound-0733.wav,4.7,
pair_00106,data/clean/LibriSpeech\dev-clean\3576\138058\3576-138058-0035.wav,stationary,data/clean/musan/noise\free-sound\noise-free-sound-0032.wav,5.76,
pair_00107,data/clean/LibriSpeech\dev-clean\2803\154320\2803-154320-0006.wav,stationary,data/clean/musan/noise\free-sound\noise-free-sound-0211.wav,-3.12,
pair_00108,data/clean/LibriSpeech\dev-clean\3536\8226\3536-8226-0022.wav,stationary,data/clean/musan/noise\free-sound\noise-free-sound-0725.wav,13.53,
pair_00109,data/clean/LibriSpeech\dev-clean\3752\4944\3752-4944-0065.wav,mixed,data/clean/musan/noise\free-sound\noise-free-sound-0132.wav + data/clean/SESA\train\explosion_179.wav,2.03,0.799
pair_00110,data/clean/LibriSpeech\dev-clean\1272\135031\1272-135031-0004.wav,mixed,data/clean/musan/noise\free-sound\noise-free-sound-0650.wav + data/clean/SESA\train\explosion_176.wav,-3.85,0.452
pair_00111,data/clean/LibriSpeech\dev-clean\84\121123\84-121123-0025.wav,stationary,data/clean/musan/noise\free-sound\noise-free-sound-0741.wav,1.02,
pair_00112,data/clean/LibriSpeech\dev-clean\3576\138058\3576-138058-0014.wav,stationary,data/clean/musan/noise\free-sound\noise-free-sound-0800.wav,2.07,
pair_00113,data/clean/LibriSpeech\dev-clean\7850\281318\7850-281318-0022.wav,mixed,data/clean/musan/noise\free-sound\noise-free-sound-0049.wav + data/clean/SESA\train\explosion_115.wav,9.05,0.1845
pair_00114,data/clean/LibriSpeech\dev-clean\8842\304647\8842-304647-0002.wav,stationary,data/clean/musan/noise\free-sound\noise-free-sound-0432.wav,12.62,
pair_00115,data/clean/LibriSpeech\dev-clean\3081\166546\3081-166546-0082.wav,mixed,data/clean/musan/noise\free-sound\noise-free-sound-0582.wav + data/clean/SESA\train\explosion_162.wav,6.87,4.1764375
pair_00116,data/clean/LibriSpeech\dev-clean\2428\83699\2428-83699-0010.wav,impulsive,data/clean/SESA\train\gunshot_006.wav,-0.9,0.061
pair_00117,data/clean/LibriSpeech\dev-clean\5694\64025\5694-64025-0001.wav,impulsive,data/clean/SESA\train\explosion_115.wav,13.22,0.921125
pair_00118,data/clean/LibriSpeech\dev-clean\3081\166546\3081-166546-0082.wav,impulsive,data/clean/SESA\train\explosion_178.wav,14.73,0.1565
pair_00119,data/clean/LibriSpeech\dev-clean\2902\9008\2902-9008-0002.wav,mixed,data/clean/musan/noise\free-sound\noise-free-sound-0257.wav + data/clean/SESA\train\explosion_087.wav,-3.8,6.01675
pair_00120,data/clean/LibriSpeech\dev-clean\5895\34629\5895-34629-0017.wav,impulsive,data/clean/SESA\train\explosion_101.wav,5.02,1.951375
pair_00121,data/clean/LibriSpeech\dev-clean\1988\24833\1988-24833-0026.wav,stationary,data/clean/musan/noise\free-sound\noise-free-sound-0536.wav,7.07,
pair_00122,data/clean/LibriSpeech\dev-clean\2035\152373\2035-152373-0005.wav,impulsive,data/clean/SESA\train\explosion_068.wav,2.04,1.1640625
pair_00123,data/clean/LibriSpeech\dev-clean\3081\166546\3081-166546-0048.wav,nonstationary,data/clean/musan/music\rfm\music-rfm-0123.wav,1.1,
pair_00124,data/clean/LibriSpeech\dev-clean\8297\275156\8297-275156-0005.wav,nonstationary,data/clean/musan/music\fma-western-art\music-fma-wa-0055.wav,10.82,
pair_00125,data/clean/LibriSpeech\dev-clean\3170\137482\3170-137482-0029.wav,mixed,data/clean/musan/noise\free-sound\noise-free-sound-0111.wav + data/clean/SESA\train\explosion_178.wav,-2.6,0.4193125
pair_00126,data/clean/LibriSpeech\dev-clean\6319\275224\6319-275224-0015.wav,nonstationary,data/clean/musan/music\hd-classical\music-hd-0056.wav,3.88,
pair_00127,data/clean/LibriSpeech\dev-clean\2086\149220\2086-149220-0048.wav,impulsive,data/clean/SESA\test\gunshot_032.wav,1.4,0.566875
pair_00128,data/clean/LibriSpeech\dev-clean\8842\302196\8842-302196-0006.wav,mixed,data/clean/musan/noise\free-sound\noise-free-sound-0029.wav + data/clean/SESA\train\siren_032.wav,8.44,0.5994375
pair_00129,data/clean/LibriSpeech\dev-clean\5694\64025\5694-64025-0018.wav,nonstationary,data/clean/musan/music\jamendo\music-jamendo-0192.wav,3.19,
pair_00130,data/clean/LibriSpeech\dev-clean\1462\170145\1462-170145-0003.wav,nonstationary,data/clean/musan/music\jamendo\music-jamendo-0053.wav,-0.54,
pair_00131,data/clean/LibriSpeech\dev-clean\8842\304647\8842-304647-0003.wav,mixed,data/clean/musan/noise\free-sound\noise-free-sound-0033.wav + data/clean/SESA\train\gunshot_004.wav,5.41,3.7840625
pair_00132,data/clean/LibriSpeech\dev-clean\3576\138058\3576-138058-0029.wav,mixed,data/clean/musan/noise\free-sound\noise-free-sound-0013.wav + data/clean/SESA\train\explosion_137.wav,10.94,0.114125
pair_00133,data/clean/LibriSpeech\dev-clean\2035\147961\2035-147961-0003.wav,impulsive,data/clean/SESA\test\gunshot_041.wav,0.77,1.0935625
pair_00134,data/clean/LibriSpeech\dev-clean\2078\142845\2078-142845-0043.wav,nonstationary,data/clean/musan/music\fma\music-fma-0116.wav,6.48,
pair_00135,data/clean/LibriSpeech\dev-clean\2428\83705\2428-83705-0039.wav,stationary,data/clean/musan/noise\free-sound\noise-free-sound-0228.wav,2.77,
pair_00136,data/clean/LibriSpeech\dev-clean\1919\142785\1919-142785-0002.wav,impulsive,data/clean/SESA\train\siren_077.wav,11.79,2.83525
pair_00137,data/clean/LibriSpeech\dev-clean\3081\166546\3081-166546-0011.wav,mixed,data/clean/musan/noise\sound-bible\noise-sound-bible-0037.wav + data/clean/SESA\train\siren_034.wav,14.83,1.4658125
pair_00138,data/clean/LibriSpeech\dev-clean\652\130726\652-130726-0017.wav,stationary,data/clean/musan/noise\free-sound\noise-free-sound-0075.wav,7.05,
pair_00139,data/clean/LibriSpeech\dev-clean\2803\154320\2803-154320-0004.wav,mixed,data/clean/musan/noise\free-sound\noise-free-sound-0390.wav + data/clean/SESA\train\explosion_187.wav,3.79,5.789375
pair_00140,data/clean/LibriSpeech\dev-clean\3081\166546\3081-166546-0064.wav,nonstationary,data/clean/musan/music\rfm\music-rfm-0006.wav,11.93,
pair_00141,data/clean/LibriSpeech\dev-clean\1272\128104\1272-128104-0002.wav,nonstationary,data/clean/musan/music\jamendo\music-jamendo-0155.wav,11.1,
pair_00142,data/clean/LibriSpeech\dev-clean\1993\147149\1993-147149-0011.wav,mixed,data/clean/musan/noise\free-sound\noise-free-sound-0236.wav + data/clean/SESA\train\gunshot_043.wav,-0.59,0.2538125
pair_00143,data/clean/LibriSpeech\dev-clean\2078\142845\2078-142845-0036.wav,stationary,data/clean/musan/noise\free-sound\noise-free-sound-0166.wav,-1.49,
pair_00144,data/clean/LibriSpeech\dev-clean\6295\244435\6295-244435-0019.wav,stationary,data/clean/musan/noise\free-sound\noise-free-sound-0713.wav,-3.14,
pair_00145,data/clean/LibriSpeech\dev-clean\3081\166546\3081-166546-0065.wav,mixed,data/clean/musan/noise\sound-bible\noise-sound-bible-0040.wav + data/clean/SESA\train\explosion_180.wav,12.93,1.172
pair_00146,data/clean/LibriSpeech\dev-clean\5694\64029\5694-64029-0012.wav,stationary,data/clean/musan/noise\free-sound\noise-free-sound-0438.wav,-4.58,
pair_00147,data/clean/LibriSpeech\dev-clean\2803\161169\2803-161169-0010.wav,nonstationary,data/clean/musan/music\jamendo\music-jamendo-0017.wav,3.11,
pair_00148,data/clean/LibriSpeech\dev-clean\3081\166546\3081-166546-0034.wav,mixed,data/clean/musan/noise\free-sound\noise-free-sound-0373.wav + data/clean/SESA\train\gunshot_086.wav,-3.82,0.25125
pair_00149,data/clean/LibriSpeech\dev-clean\1988\147956\1988-147956-0027.wav,impulsive,data/clean/SESA\train\explosion_198.wav,0.51,3.972375
pair_00150,data/clean/LibriSpeech\dev-clean\5895\34615\5895-34615-0008.wav,nonstationary,data/clean/musan/music\rfm\music-rfm-0010.wav,1.11,
pair_00151,data/clean/LibriSpeech\dev-clean\6345\93306\6345-93306-0016.wav,nonstationary,data/clean/musan/music\rfm\music-rfm-0012.wav,-0.75,
pair_00152,data/clean/LibriSpeech\dev-clean\6295\244435\6295-244435-0026.wav,impulsive,data/clean/SESA\train\gunshot_010.wav,13.72,1.3061875
pair_00153,data/clean/LibriSpeech\dev-clean\2412\153954\2412-153954-0024.wav,stationary,data/clean/musan/noise\free-sound\noise-free-sound-0094.wav,10.74,
pair_00154,data/clean/LibriSpeech\dev-clean\2412\153947\2412-153947-0015.wav,mixed,data/clean/musan/noise\free-sound\noise-free-sound-0129.wav + data/clean/SESA\train\explosion_152.wav,-2.98,1.93975
pair_00155,data/clean/LibriSpeech\dev-clean\1462\170142\1462-170142-0006.wav,mixed,data/clean/musan/noise\free-sound\noise-free-sound-0345.wav + data/clean/SESA\train\explosion_133.wav,6.71,0.2833125
pair_00156,data/clean/LibriSpeech\dev-clean\6241\61943\6241-61943-0008.wav,impulsive,data/clean/SESA\test\explosion_195.wav,13.95,1.9060625
pair_00157,data/clean/LibriSpeech\dev-clean\3081\166546\3081-166546-0035.wav,impulsive,data/clean/SESA\train\explosion_115.wav,3.96,0.6838125
pair_00158,data/clean/LibriSpeech\dev-clean\6313\66129\6313-66129-0013.wav,stationary,data/clean/musan/noise\free-sound\noise-free-sound-0778.wav,10.02,
pair_00159,data/clean/LibriSpeech\dev-clean\5895\34622\5895-34622-0020.wav,stationary,data/clean/musan/noise\free-sound\noise-free-sound-0099.wav,6.32,
pair_00160,data/clean/LibriSpeech\dev-clean\3752\4944\3752-4944-0047.wav,stationary,data/clean/musan/noise\sound-bible\noise-sound-bible-0061.wav,7.08,
pair_00161,data/clean/LibriSpeech\dev-clean\5694\64029\5694-64029-0004.wav,stationary,data/clean/musan/noise\free-sound\noise-free-sound-0091.wav,-4.63,
pair_00162,data/clean/LibriSpeech\dev-clean\652\130726\652-130726-0003.wav,impulsive,data/clean/SESA\train\gunshot_024.wav,14.62,4.0415625
pair_00163,data/clean/LibriSpeech\dev-clean\6295\244435\6295-244435-0016.wav,stationary,data/clean/musan/noise\sound-bible\noise-sound-bible-0068.wav,6.13,
pair_00164,data/clean/LibriSpeech\dev-clean\1272\128104\1272-128104-0007.wav,stationary,data/clean/musan/noise\free-sound\noise-free-sound-0496.wav,5.7,
pair_00165,data/clean/LibriSpeech\dev-clean\7850\281318\7850-281318-0006.wav,mixed,data/clean/musan/noise\free-sound\noise-free-sound-0241.wav + data/clean/SESA\test\explosion_119.wav,-3.32,0.2698125
pair_00166,data/clean/LibriSpeech\dev-clean\652\130726\652-130726-0002.wav,nonstationary,data/clean/musan/music\hd-classical\music-hd-0054.wav,-3.42,
pair_00167,data/clean/LibriSpeech\dev-clean\2078\142845\2078-142845-0020.wav,nonstationary,data/clean/musan/music\jamendo\music-jamendo-0147.wav,5.17,
pair_00168,data/clean/LibriSpeech\dev-clean\251\137823\251-137823-0002.wav,stationary,data/clean/musan/noise\free-sound\noise-free-sound-0695.wav,7.96,
pair_00169,data/clean/LibriSpeech\dev-clean\6241\66616\6241-66616-0022.wav,nonstationary,data/clean/musan/music\fma-western-art\music-fma-wa-0007.wav,10.23,
pair_00170,data/clean/LibriSpeech\dev-clean\8297\275156\8297-275156-0009.wav,nonstationary,data/clean/musan/music\fma\music-fma-0045.wav,11.17,
pair_00171,data/clean/LibriSpeech\dev-clean\6313\66129\6313-66129-0031.wav,impulsive,data/clean/SESA\train\siren_066.wav,5.86,0.328875
pair_00172,data/clean/LibriSpeech\dev-clean\251\136532\251-136532-0004.wav,nonstationary,data/clean/musan/music\fma\music-fma-0074.wav,7.23,
pair_00173,data/clean/LibriSpeech\dev-clean\6319\275224\6319-275224-0006.wav,impulsive,data/clean/SESA\test\explosion_113.wav,1.07,8.4223125
pair_00174,data/clean/LibriSpeech\dev-clean\3170\137482\3170-137482-0007.wav,nonstationary,data/clean/musan/music\rfm\music-rfm-0060.wav,-4.62,
pair_00175,data/clean/LibriSpeech\dev-clean\2412\153954\2412-153954-0012.wav,stationary,data/clean/musan/noise\free-sound\noise-free-sound-0669.wav,8.16,
pair_00176,data/clean/LibriSpeech\dev-clean\777\126732\777-126732-0062.wav,stationary,data/clean/musan/noise\free-sound\noise-free-sound-0301.wav,6.65,
pair_00177,data/clean/LibriSpeech\dev-clean\8842\302201\8842-302201-0002.wav,impulsive,data/clean/SESA\test\siren_093.wav,-0.79,5.2919375
pair_00178,data/clean/LibriSpeech\dev-clean\5895\34622\5895-34622-0019.wav,nonstationary,data/clean/musan/music\rfm\music-rfm-0130.wav,0.99,
pair_00179,data/clean/LibriSpeech\dev-clean\5895\34622\5895-34622-0007.wav,mixed,data/clean/musan/noise\free-sound\noise-free-sound-0149.wav + data/clean/SESA\train\explosion_170.wav,5.73,1.06475
pair_00180,data/clean/LibriSpeech\dev-clean\3853\163249\3853-163249-0039.wav,nonstationary,data/clean/musan/music\rfm\music-rfm-0114.wav,-0.77,
pair_00181,data/clean/LibriSpeech\dev-clean\3000\15664\3000-15664-0038.wav,mixed,data/clean/musan/noise\free-sound\noise-free-sound-0545.wav + data/clean/SESA\train\gunshot_062.wav,-4.14,0.5270625
pair_00182,data/clean/LibriSpeech\dev-clean\2803\154320\2803-154320-0000.wav,impulsive,data/clean/SESA\test\gunshot_072.wav,12.23,1.253
pair_00183,data/clean/LibriSpeech\dev-clean\1462\170142\1462-170142-0041.wav,mixed,data/clean/musan/noise\sound-bible\noise-sound-bible-0015.wav + data/clean/SESA\train\gunshot_095.wav,4.5,0.4360625
pair_00184,data/clean/LibriSpeech\dev-clean\422\122949\422-122949-0011.wav,mixed,data/clean/musan/noise\free-sound\noise-free-sound-0142.wav + data/clean/SESA\test\gunshot_000.wav,12.73,3.0166875
pair_00185,data/clean/LibriSpeech\dev-clean\6313\66125\6313-66125-0026.wav,stationary,data/clean/musan/noise\free-sound\noise-free-sound-0445.wav,3.79,
pair_00186,data/clean/LibriSpeech\dev-clean\3752\4944\3752-4944-0043.wav,mixed,data/clean/musan/noise\free-sound\noise-free-sound-0131.wav + data/clean/SESA\test\gunshot_027.wav,7.7,0.368125
pair_00187,data/clean/LibriSpeech\dev-clean\777\126732\777-126732-0062.wav,impulsive,data/clean/SESA\train\explosion_065.wav,9.24,0.46225
pair_00188,data/clean/LibriSpeech\dev-clean\6241\61946\6241-61946-0017.wav,impulsive,data/clean/SESA\test\siren_086.wav,6.24,0.776875
pair_00189,data/clean/LibriSpeech\dev-clean\2428\83699\2428-83699-0032.wav,impulsive,data/clean/SESA\train\explosion_099.wav,8.54,1.191625
pair_00190,data/clean/LibriSpeech\dev-clean\2277\149897\2277-149897-0025.wav,nonstationary,data/clean/musan/music\fma\music-fma-0127.wav,3.27,
pair_00191,data/clean/LibriSpeech\dev-clean\1462\170142\1462-170142-0022.wav,impulsive,data/clean/SESA\train\explosion_172.wav,-0.76,0.478875
pair_00192,data/clean/LibriSpeech\dev-clean\3170\137482\3170-137482-0021.wav,nonstationary,data/clean/musan/music\rfm\music-rfm-0144.wav,-1.01,
pair_00193,data/clean/LibriSpeech\dev-clean\1462\170142\1462-170142-0022.wav,impulsive,data/clean/SESA\train\siren_010.wav,3.47,0.101125
pair_00194,data/clean/LibriSpeech\dev-clean\3170\137482\3170-137482-0013.wav,nonstationary,data/clean/musan/music\jamendo\music-jamendo-0186.wav,-4.69,
pair_00195,data/clean/LibriSpeech\dev-clean\251\137823\251-137823-0015.wav,stationary,data/clean/musan/noise\free-sound\noise-free-sound-0559.wav,-2.89,
pair_00196,data/clean/LibriSpeech\dev-clean\6241\66616\6241-66616-0014.wav,stationary,data/clean/musan/noise\free-sound\noise-free-sound-0239.wav,2.91,
pair_00197,data/clean/LibriSpeech\dev-clean\7850\281318\7850-281318-0017.wav,stationary,data/clean/musan/noise\free-sound\noise-free-sound-0627.wav,-0.78,
pair_00198,data/clean/LibriSpeech\dev-clean\251\118436\251-118436-0022.wav,nonstationary,data/clean/musan/music\fma-western-art\music-fma-wa-0064.wav,5.31,
pair_00199,data/clean/LibriSpeech\dev-clean\6241\61946\6241-61946-0013.wav,nonstationary,data/clean/musan/music\jamendo\music-jamendo-0025.wav,1.86,
pair_00200,data/clean/LibriSpeech\dev-clean\2078\142845\2078-142845-0048.wav,stationary,data/clean/musan/noise\free-sound\noise-free-sound-0592.wav,14.0,
pair_00201,data/clean/LibriSpeech\dev-clean\5338\24640\5338-24640-0007.wav,mixed,data/clean/musan/noise\free-sound\noise-free-sound-0258.wav + data/clean/SESA\train\gunshot_064.wav,4.95,7.9836875
pair_00202,data/clean/LibriSpeech\dev-clean\1988\24833\1988-24833-0004.wav,stationary,data/clean/musan/noise\free-sound\noise-free-sound-0759.wav,4.82,
pair_00203,data/clean/LibriSpeech\dev-clean\5536\43358\5536-43358-0015.wav,mixed,data/clean/musan/noise\free-sound\noise-free-sound-0645.wav + data/clean/SESA\train\gunshot_082.wav,8.69,0.0108125
pair_00204,data/clean/LibriSpeech\dev-clean\2035\147960\2035-147960-0002.wav,mixed,data/clean/musan/noise\free-sound\noise-free-sound-0045.wav + data/clean/SESA\train\explosion_041.wav,3.31,1.0754375
pair_00205,data/clean/LibriSpeech\dev-clean\2428\83705\2428-83705-0000.wav,stationary,data/clean/musan/noise\free-sound\noise-free-sound-0166.wav,10.31,
pair_00206,data/clean/LibriSpeech\dev-clean\2078\142845\2078-142845-0017.wav,nonstationary,data/clean/musan/music\jamendo\music-jamendo-0104.wav,-1.11,
pair_00207,data/clean/LibriSpeech\dev-clean\251\136532\251-136532-0019.wav,stationary,data/clean/musan/noise\sound-bible\noise-sound-bible-0085.wav,11.55,
pair_00208,data/clean/LibriSpeech\dev-clean\2277\149896\2277-149896-0034.wav,stationary,data/clean/musan/noise\free-sound\noise-free-sound-0311.wav,5.3,
pair_00209,data/clean/LibriSpeech\dev-clean\777\126732\777-126732-0046.wav,mixed,data/clean/musan/noise\free-sound\noise-free-sound-0076.wav + data/clean/SESA\train\gunshot_070.wav,-4.89,0.1473125
pair_00210,data/clean/LibriSpeech\dev-clean\7976\105575\7976-105575-0029.wav,mixed,data/clean/musan/noise\free-sound\noise-free-sound-0721.wav + data/clean/SESA\train\siren_043.wav,6.31,0.65
pair_00211,data/clean/LibriSpeech\dev-clean\3752\4943\3752-4943-0028.wav,stationary,data/clean/musan/noise\free-sound\noise-free-sound-0758.wav,14.36,
pair_00212,data/clean/LibriSpeech\dev-clean\8297\275154\8297-275154-0024.wav,impulsive,data/clean/SESA\train\siren_002.wav,12.87,0.3025625
pair_00213,data/clean/LibriSpeech\dev-clean\2428\83705\2428-83705-0024.wav,stationary,data/clean/musan/noise\free-sound\noise-free-sound-0547.wav,1.92,
pair_00214,data/clean/LibriSpeech\dev-clean\1993\147149\1993-147149-0024.wav,stationary,data/clean/musan/noise\free-sound\noise-free-sound-0609.wav,4.24,
pair_00215,data/clean/LibriSpeech\dev-clean\3853\163249\3853-163249-0040.wav,mixed,data/clean/musan/noise\free-sound\noise-free-sound-0373.wav + data/clean/SESA\train\siren_058.wav,5.52,1.336
pair_00216,data/clean/LibriSpeech\dev-clean\6241\61946\6241-61946-0023.wav,stationary,data/clean/musan/noise\free-sound\noise-free-sound-0174.wav,12.47,
pair_00217,data/clean/LibriSpeech\dev-clean\2428\83705\2428-83705-0041.wav,stationary,data/clean/musan/noise\free-sound\noise-free-sound-0475.wav,11.92,
pair_00218,data/clean/LibriSpeech\dev-clean\1272\141231\1272-141231-0028.wav,stationary,data/clean/musan/noise\free-sound\noise-free-sound-0051.wav,-2.53,
pair_00219,data/clean/LibriSpeech\dev-clean\1462\170145\1462-170145-0002.wav,mixed,data/clean/musan/noise\free-sound\noise-free-sound-0533.wav + data/clean/SESA\train\explosion_183.wav,7.96,0.83275
pair_00220,data/clean/LibriSpeech\dev-clean\2277\149874\2277-149874-0006.wav,nonstationary,data/clean/musan/music\rfm\music-rfm-0088.wav,0.09,
pair_00221,data/clean/LibriSpeech\dev-clean\8842\302203\8842-302203-0010.wav,stationary,data/clean/musan/noise\free-sound\noise-free-sound-0743.wav,0.25,
pair_00222,data/clean/LibriSpeech\dev-clean\2428\83699\2428-83699-0000.wav,nonstationary,data/clean/musan/music\fma-western-art\music-fma-wa-0007.wav,9.65,
pair_00223,data/clean/LibriSpeech\dev-clean\6313\66129\6313-66129-0031.wav,stationary,data/clean/musan/noise\free-sound\noise-free-sound-0455.wav,7.67,
pair_00224,data/clean/LibriSpeech\dev-clean\2412\153948\2412-153948-0000.wav,mixed,data/clean/musan/noise\free-sound\noise-free-sound-0368.wav + data/clean/SESA\train\explosion_180.wav,9.36,6.691875
pair_00225,data/clean/LibriSpeech\dev-clean\8297\275154\8297-275154-0019.wav,impulsive,data/clean/SESA\train\explosion_055.wav,11.13,1.1495
pair_00226,data/clean/LibriSpeech\dev-clean\422\122949\422-122949-0014.wav,nonstationary,data/clean/musan/music\fma-western-art\music-fma-wa-0031.wav,7.18,
pair_00227,data/clean/LibriSpeech\dev-clean\2086\149220\2086-149220-0023.wav,stationary,data/clean/musan/noise\free-sound\noise-free-sound-0691.wav,13.74,
pair_00228,data/clean/LibriSpeech\dev-clean\6295\244435\6295-244435-0021.wav,mixed,data/clean/musan/noise\free-sound\noise-free-sound-0499.wav + data/clean/SESA\train\explosion_158.wav,10.51,0.9339375
pair_00229,data/clean/LibriSpeech\dev-clean\777\126732\777-126732-0022.wav,mixed,data/clean/musan/noise\free-sound\noise-free-sound-0103.wav + data/clean/SESA\test\explosion_140.wav,3.84,0.033875
pair_00230,data/clean/LibriSpeech\dev-clean\2902\9008\2902-9008-0010.wav,impulsive,data/clean/SESA\train\explosion_089.wav,-1.19,2.90825
pair_00231,data/clean/LibriSpeech\dev-clean\3000\15664\3000-15664-0005.wav,mixed,data/clean/musan/noise\free-sound\noise-free-sound-0287.wav + data/clean/SESA\test\gunshot_061.wav,-0.39,1.2004375
pair_00232,data/clean/LibriSpeech\dev-clean\5694\64025\5694-64025-0019.wav,stationary,data/clean/musan/noise\sound-bible\noise-sound-bible-0002.wav,0.36,
pair_00233,data/clean/LibriSpeech\dev-clean\2803\154320\2803-154320-0011.wav,mixed,data/clean/musan/noise\free-sound\noise-free-sound-0561.wav + data/clean/SESA\train\gunshot_058.wav,3.15,1.51925
pair_00234,data/clean/LibriSpeech\dev-clean\5895\34629\5895-34629-0023.wav,stationary,data/clean/musan/noise\free-sound\noise-free-sound-0335.wav,12.71,
pair_00235,data/clean/LibriSpeech\dev-clean\251\137823\251-137823-0006.wav,nonstationary,data/clean/musan/music\hd-classical\music-hd-0069.wav,6.56,
pair_00236,data/clean/LibriSpeech\dev-clean\2412\153947\2412-153947-0000.wav,nonstationary,data/clean/musan/music\fma-western-art\music-fma-wa-0024.wav,14.49,
pair_00237,data/clean/LibriSpeech\dev-clean\1919\142785\1919-142785-0034.wav,impulsive,data/clean/SESA\train\gunshot_083.wav,4.94,1.43525
pair_00238,data/clean/LibriSpeech\dev-clean\3853\163249\3853-163249-0015.wav,nonstationary,data/clean/musan/music\hd-classical\music-hd-0059.wav,3.9,
pair_00239,data/clean/LibriSpeech\dev-clean\3000\15664\3000-15664-0021.wav,nonstationary,data/clean/musan/music\jamendo\music-jamendo-0005.wav,5.55,
pair_00240,data/clean/LibriSpeech\dev-clean\6241\66616\6241-66616-0017.wav,nonstationary,data/clean/musan/music\fma-western-art\music-fma-wa-0003.wav,4.69,
pair_00241,data/clean/LibriSpeech\dev-clean\3536\23268\3536-23268-0007.wav,mixed,data/clean/musan/noise\free-sound\noise-free-sound-0234.wav + data/clean/SESA\train\siren_014.wav,12.55,0.1059375
pair_00242,data/clean/LibriSpeech\dev-clean\8297\275155\8297-275155-0023.wav,impulsive,data/clean/SESA\train\explosion_149.wav,-1.63,0.921375
pair_00243,data/clean/LibriSpeech\dev-clean\6295\244435\6295-244435-0009.wav,impulsive,data/clean/SESA\train\explosion_073.wav,7.14,0.707625
pair_00244,data/clean/LibriSpeech\dev-clean\2428\83699\2428-83699-0006.wav,nonstationary,data/clean/musan/music\hd-classical\music-hd-0019.wav,-0.15,
pair_00245,data/clean/LibriSpeech\dev-clean\3853\163249\3853-163249-0030.wav,impulsive,data/clean/SESA\train\siren_080.wav,-1.31,1.70025
pair_00246,data/clean/LibriSpeech\dev-clean\1919\142785\1919-142785-0033.wav,nonstationary,data/clean/musan/music\rfm\music-rfm-0032.wav,1.97,
pair_00247,data/clean/LibriSpeech\dev-clean\6345\64257\6345-64257-0002.wav,nonstationary,data/clean/musan/music\fma-western-art\music-fma-wa-0024.wav,-4.8,
pair_00248,data/clean/LibriSpeech\dev-clean\3752\4944\3752-4944-0057.wav,stationary,data/clean/musan/noise\free-sound\noise-free-sound-0111.wav,14.1,
pair_00249,data/clean/LibriSpeech\dev-clean\1673\143397\1673-143397-0006.wav,nonstationary,data/clean/musan/music\jamendo\music-jamendo-0069.wav,-3.2,
pair_00250,data/clean/LibriSpeech\dev-clean\2412\153954\2412-153954-0002.wav,mixed,data/clean/musan/noise\sound-bible\noise-sound-bible-0038.wav + data/clean/SESA\train\siren_090.wav,-1.62,0.853125
pair_00251,data/clean/LibriSpeech\dev-clean\7976\110124\7976-110124-0020.wav,stationary,data/clean/musan/noise\free-sound\noise-free-sound-0617.wav,10.88,
pair_00252,data/clean/LibriSpeech\dev-clean\1673\143396\1673-143396-0010.wav,mixed,data/clean/musan/noise\free-sound\noise-free-sound-0585.wav + data/clean/SESA\train\gunshot_096.wav,2.82,9.4474375
pair_00253,data/clean/LibriSpeech\dev-clean\777\126732\777-126732-0074.wav,stationary,data/clean/musan/noise\free-sound\noise-free-sound-0776.wav,-2.19,
pair_00254,data/clean/LibriSpeech\dev-clean\1988\147956\1988-147956-0028.wav,stationary,data/clean/musan/noise\free-sound\noise-free-sound-0484.wav,13.77,
pair_00255,data/clean/LibriSpeech\dev-clean\2086\149220\2086-149220-0006.wav,stationary,data/clean/musan/noise\free-sound\noise-free-sound-0460.wav,10.39,
pair_00256,data/clean/LibriSpeech\dev-clean\2277\149897\2277-149897-0011.wav,mixed,data/clean/musan/noise\free-sound\noise-free-sound-0715.wav + data/clean/SESA\train\explosion_027.wav,-2.7,1.0130625
pair_00257,data/clean/LibriSpeech\dev-clean\2277\149896\2277-149896-0006.wav,nonstationary,data/clean/musan/music\jamendo\music-jamendo-0167.wav,11.81,
pair_00258,data/clean/LibriSpeech\dev-clean\3081\166546\3081-166546-0004.wav,impulsive,data/clean/SESA\train\gunshot_051.wav,4.94,0.6698125
pair_00259,data/clean/LibriSpeech\dev-clean\2803\161169\2803-161169-0001.wav,stationary,data/clean/musan/noise\free-sound\noise-free-sound-0691.wav,-1.74,
pair_00260,data/clean/LibriSpeech\dev-clean\84\121123\84-121123-0028.wav,nonstationary,data/clean/musan/music\fma\music-fma-0012.wav,8.78,
pair_00261,data/clean/LibriSpeech\dev-clean\1993\147966\1993-147966-0005.wav,stationary,data/clean/musan/noise\free-sound\noise-free-sound-0641.wav,-4.08,
pair_00262,data/clean/LibriSpeech\dev-clean\1988\148538\1988-148538-0013.wav,stationary,data/clean/musan/noise\free-sound\noise-free-sound-0303.wav,10.02,
pair_00263,data/clean/LibriSpeech\dev-clean\5338\284437\5338-284437-0026.wav,nonstationary,data/clean/musan/music\hd-classical\music-hd-0035.wav,3.61,
pair_00264,data/clean/LibriSpeech\dev-clean\422\122949\422-122949-0015.wav,nonstationary,data/clean/musan/music\fma\music-fma-0083.wav,-3.07,
pair_00265,data/clean/LibriSpeech\dev-clean\5536\43358\5536-43358-0016.wav,stationary,data/clean/musan/noise\free-sound\noise-free-sound-0560.wav,6.88,
pair_00266,data/clean/LibriSpeech\dev-clean\1462\170138\1462-170138-0002.wav,nonstationary,data/clean/musan/music\fma\music-fma-0081.wav,12.26,
pair_00267,data/clean/LibriSpeech\dev-clean\3576\138058\3576-138058-0019.wav,impulsive,data/clean/SESA\train\explosion_053.wav,-0.52,0.891875
pair_00268,data/clean/LibriSpeech\dev-clean\3081\166546\3081-166546-0034.wav,nonstationary,data/clean/musan/music\jamendo\music-jamendo-0172.wav,-3.36,
pair_00269,data/clean/LibriSpeech\dev-clean\6295\244435\6295-244435-0009.wav,impulsive,data/clean/SESA\train\explosion_121.wav,8.46,1.2833125
pair_00270,data/clean/LibriSpeech\dev-clean\2035\147960\2035-147960-0009.wav,mixed,data/clean/musan/noise\free-sound\noise-free-sound-0226.wav + data/clean/SESA\train\explosion_099.wav,1.88,1.2873125
pair_00271,data/clean/LibriSpeech\dev-clean\7976\110124\7976-110124-0020.wav,nonstationary,data/clean/musan/music\jamendo\music-jamendo-0177.wav,-2.41,
pair_00272,data/clean/LibriSpeech\dev-clean\174\168635\174-168635-0019.wav,impulsive,data/clean/SESA\train\gunshot_003.wav,-4.33,1.4605625
pair_00273,data/clean/LibriSpeech\dev-clean\6313\76958\6313-76958-0001.wav,mixed,data/clean/musan/noise\free-sound\noise-free-sound-0650.wav + data/clean/SESA\train\explosion_202.wav,11.15,0.1585
pair_00274,data/clean/LibriSpeech\dev-clean\2803\161169\2803-161169-0008.wav,impulsive,data/clean/SESA\train\explosion_042.wav,10.92,2.3738125
pair_00275,data/clean/LibriSpeech\dev-clean\84\121550\84-121550-0002.wav,mixed,data/clean/musan/noise\free-sound\noise-free-sound-0319.wav + data/clean/SESA\train\explosion_018.wav,-1.84,2.1200625
pair_00276,data/clean/LibriSpeech\dev-clean\1272\141231\1272-141231-0013.wav,nonstationary,data/clean/musan/music\rfm\music-rfm-0124.wav,9.16,
pair_00277,data/clean/LibriSpeech\dev-clean\3536\23268\3536-23268-0022.wav,stationary,data/clean/musan/noise\free-sound\noise-free-sound-0662.wav,11.44,
pair_00278,data/clean/LibriSpeech\dev-clean\1462\170145\1462-170145-0018.wav,nonstationary,data/clean/musan/music\hd-classical\music-hd-0066.wav,7.42,
pair_00279,data/clean/LibriSpeech\dev-clean\1919\142785\1919-142785-0044.wav,stationary,data/clean/musan/noise\free-sound\noise-free-sound-0826.wav,-4.32,
pair_00280,data/clean/LibriSpeech\dev-clean\3752\4944\3752-4944-0032.wav,nonstationary,data/clean/musan/music\rfm\music-rfm-0102.wav,-3.95,
pair_00281,data/clean/LibriSpeech\dev-clean\3752\4943\3752-4943-0002.wav,nonstationary,data/clean/musan/music\jamendo\music-jamendo-0084.wav,1.54,
pair_00282,data/clean/LibriSpeech\dev-clean\777\126732\777-126732-0049.wav,impulsive,data/clean/SESA\test\gunshot_091.wav,-0.56,0.45275
pair_00283,data/clean/LibriSpeech\dev-clean\1993\147964\1993-147964-0008.wav,nonstationary,data/clean/musan/music\jamendo\music-jamendo-0198.wav,-1.72,
pair_00284,data/clean/LibriSpeech\dev-clean\2902\9006\2902-9006-0008.wav,impulsive,data/clean/SESA\train\gunshot_010.wav,-4.64,2.1975625
pair_00285,data/clean/LibriSpeech\dev-clean\6345\93302\6345-93302-0007.wav,stationary,data/clean/musan/noise\free-sound\noise-free-sound-0161.wav,-4.64,
pair_00286,data/clean/LibriSpeech\dev-clean\8842\304647\8842-304647-0008.wav,nonstationary,data/clean/musan/music\jamendo\music-jamendo-0072.wav,11.03,
pair_00287,data/clean/LibriSpeech\dev-clean\5895\34615\5895-34615-0004.wav,nonstationary,data/clean/musan/music\rfm\music-rfm-0022.wav,9.83,
pair_00288,data/clean/LibriSpeech\dev-clean\8842\302196\8842-302196-0004.wav,nonstationary,data/clean/musan/music\fma-western-art\music-fma-wa-0084.wav,12.04,
pair_00289,data/clean/LibriSpeech\dev-clean\1272\128104\1272-128104-0009.wav,stationary,data/clean/musan/noise\free-sound\noise-free-sound-0346.wav,12.16,
pair_00290,data/clean/LibriSpeech\dev-clean\2412\153948\2412-153948-0004.wav,mixed,data/clean/musan/noise\free-sound\noise-free-sound-0617.wav + data/clean/SESA\train\explosion_064.wav,5.74,8.4121875
pair_00291,data/clean/LibriSpeech\dev-clean\6313\66129\6313-66129-0008.wav,stationary,data/clean/musan/noise\free-sound\noise-free-sound-0637.wav,7.55,
pair_00292,data/clean/LibriSpeech\dev-clean\6295\64301\6295-64301-0001.wav,mixed,data/clean/musan/noise\free-sound\noise-free-sound-0045.wav + data/clean/SESA\train\explosion_198.wav,-4.51,1.0484375
pair_00293,data/clean/LibriSpeech\dev-clean\2277\149897\2277-149897-0037.wav,impulsive,data/clean/SESA\train\explosion_131.wav,14.32,1.0608125
pair_00294,data/clean/LibriSpeech\dev-clean\6295\244435\6295-244435-0013.wav,nonstationary,data/clean/musan/music\jamendo\music-jamendo-0216.wav,-1.36,
pair_00295,data/clean/LibriSpeech\dev-clean\2902\9008\2902-9008-0008.wav,stationary,data/clean/musan/noise\free-sound\noise-free-sound-0784.wav,-4.92,
pair_00296,data/clean/LibriSpeech\dev-clean\3752\4943\3752-4943-0006.wav,impulsive,data/clean/SESA\test\explosion_046.wav,6.67,1.00275
pair_00297,data/clean/LibriSpeech\dev-clean\84\121550\84-121550-0005.wav,mixed,data/clean/musan/noise\free-sound\noise-free-sound-0646.wav + data/clean/SESA\train\explosion_202.wav,5.98,2.9376875
pair_00298,data/clean/LibriSpeech\dev-clean\3536\8226\3536-8226-0024.wav,mixed,data/clean/musan/noise\free-sound\noise-free-sound-0810.wav + data/clean/SESA\test\gunshot_041.wav,1.57,2.656
pair_00299,data/clean/LibriSpeech\dev-clean\2078\142845\2078-142845-0030.wav,mixed,data/clean/musan/noise\free-sound\noise-free-sound-0573.wav + data/clean/SESA\train\explosion_068.wav,11.09,0.9603125
pair_00300,data/clean/LibriSpeech\dev-clean\251\137823\251-137823-0026.wav,impulsive,data/clean/SESA\train\gunshot_094.wav,7.41,0.853
pair_00301,data/clean/LibriSpeech\dev-clean\3853\163249\3853-163249-0015.wav,impulsive,data/clean/SESA\train\explosion_058.wav,7.13,0.5776875
pair_00302,data/clean/LibriSpeech\dev-clean\5536\43359\5536-43359-0012.wav,nonstationary,data/clean/musan/music\fma\music-fma-0032.wav,13.43,
pair_00303,data/clean/LibriSpeech\dev-clean\7850\281318\7850-281318-0015.wav,stationary,data/clean/musan/noise\sound-bible\noise-sound-bible-0012.wav,7.86,
pair_00304,data/clean/LibriSpeech\dev-clean\5895\34615\5895-34615-0015.wav,impulsive,data/clean/SESA\train\explosion_076.wav,2.34,3.9304375
pair_00305,data/clean/LibriSpeech\dev-clean\5338\284437\5338-284437-0003.wav,nonstationary,data/clean/musan/music\jamendo\music-jamendo-0009.wav,3.98,
pair_00306,data/clean/LibriSpeech\dev-clean\6319\64726\6319-64726-0014.wav,impulsive,data/clean/SESA\test\explosion_013.wav,4.32,1.2269375
pair_00307,data/clean/LibriSpeech\dev-clean\6313\66129\6313-66129-0016.wav,stationary,data/clean/musan/noise\free-sound\noise-free-sound-0384.wav,1.47,
pair_00308,data/clean/LibriSpeech\dev-clean\2086\149220\2086-149220-0037.wav,impulsive,data/clean/SESA\train\explosion_107.wav,11.55,0.3200625
pair_00309,data/clean/LibriSpeech\dev-clean\1988\24833\1988-24833-0010.wav,impulsive,data/clean/SESA\train\explosion_138.wav,11.79,1.5131875
pair_00310,data/clean/LibriSpeech\dev-clean\2277\149897\2277-149897-0006.wav,impulsive,data/clean/SESA\train\explosion_082.wav,11.03,0.729875
pair_00311,data/clean/LibriSpeech\dev-clean\5694\64025\5694-64025-0014.wav,impulsive,data/clean/SESA\train\explosion_070.wav,7.95,5.292
pair_00312,data/clean/LibriSpeech\dev-clean\7976\105575\7976-105575-0021.wav,nonstationary,data/clean/musan/music\jamendo\music-jamendo-0210.wav,-4.15,
pair_00313,data/clean/LibriSpeech\dev-clean\5536\43358\5536-43358-0008.wav,mixed,data/clean/musan/noise\sound-bible\noise-sound-bible-0077.wav + data/clean/SESA\train\siren_049.wav,5.11,3.49525
pair_00314,data/clean/LibriSpeech\dev-clean\7976\110523\7976-110523-0009.wav,mixed,data/clean/musan/noise\free-sound\noise-free-sound-0042.wav + data/clean/SESA\train\siren_067.wav,12.75,1.1455625
pair_00315,data/clean/LibriSpeech\dev-clean\1988\24833\1988-24833-0001.wav,mixed,data/clean/musan/noise\free-sound\noise-free-sound-0698.wav + data/clean/SESA\train\siren_031.wav,14.07,2.59375
pair_00316,data/clean/LibriSpeech\dev-clean\777\126732\777-126732-0023.wav,nonstationary,data/clean/musan/music\rfm\music-rfm-0144.wav,3.24,
pair_00317,data/clean/LibriSpeech\dev-clean\1462\170142\1462-170142-0016.wav,stationary,data/clean/musan/noise\free-sound\noise-free-sound-0492.wav,7.08,
pair_00318,data/clean/LibriSpeech\dev-clean\1988\24833\1988-24833-0011.wav,mixed,data/clean/musan/noise\sound-bible\noise-sound-bible-0000.wav + data/clean/SESA\train\explosion_167.wav,6.75,1.167625
pair_00319,data/clean/LibriSpeech\dev-clean\84\121550\84-121550-0000.wav,nonstationary,data/clean/musan/music\rfm\music-rfm-0098.wav,4.97,
pair_00320,data/clean/LibriSpeech\dev-clean\2803\154328\2803-154328-0007.wav,mixed,data/clean/musan/noise\free-sound\noise-free-sound-0598.wav + data/clean/SESA\train\explosion_161.wav,2.4,2.66625
pair_00321,data/clean/LibriSpeech\dev-clean\2428\83699\2428-83699-0018.wav,impulsive,data/clean/SESA\train\siren_017.wav,9.74,7.018125
pair_00322,data/clean/LibriSpeech\dev-clean\2428\83699\2428-83699-0008.wav,stationary,data/clean/musan/noise\free-sound\noise-free-sound-0668.wav,-0.69,
pair_00323,data/clean/LibriSpeech\dev-clean\3081\166546\3081-166546-0004.wav,nonstationary,data/clean/musan/music\rfm\music-rfm-0087.wav,1.87,
pair_00324,data/clean/LibriSpeech\dev-clean\5895\34622\5895-34622-0013.wav,nonstationary,data/clean/musan/music\jamendo\music-jamendo-0056.wav,13.34,
pair_00325,data/clean/LibriSpeech\dev-clean\5694\64038\5694-64038-0001.wav,impulsive,data/clean/SESA\train\explosion_100.wav,7.29,0.637875
pair_00326,data/clean/LibriSpeech\dev-clean\5536\43359\5536-43359-0013.wav,mixed,data/clean/musan/noise\free-sound\noise-free-sound-0447.wav + data/clean/SESA\train\siren_009.wav,-4.96,0.6296875
pair_00327,data/clean/LibriSpeech\dev-clean\1919\142785\1919-142785-0002.wav,impulsive,data/clean/SESA\train\gunshot_069.wav,9.71,6.117875
pair_00328,data/clean/LibriSpeech\dev-clean\5895\34615\5895-34615-0003.wav,impulsive,data/clean/SESA\test\siren_042.wav,-2.1,0.871
pair_00329,data/clean/LibriSpeech\dev-clean\2428\83705\2428-83705-0024.wav,impulsive,data/clean/SESA\train\gunshot_043.wav,1.7,2.0930625
pair_00330,data/clean/LibriSpeech\dev-clean\3000\15664\3000-15664-0016.wav,nonstationary,data/clean/musan/music\jamendo\music-jamendo-0102.wav,8.64,
pair_00331,data/clean/LibriSpeech\dev-clean\2035\147961\2035-147961-0026.wav,impulsive,data/clean/SESA\train\explosion_078.wav,-0.74,1.0638125
pair_00332,data/clean/LibriSpeech\dev-clean\6319\64726\6319-64726-0000.wav,stationary,data/clean/musan/noise\free-sound\noise-free-sound-0747.wav,7.58,
pair_00333,data/clean/LibriSpeech\dev-clean\6241\66616\6241-66616-0011.wav,impulsive,data/clean/SESA\train\siren_056.wav,-1.31,4.8243125
pair_00334,data/clean/LibriSpeech\dev-clean\8297\275154\8297-275154-0015.wav,nonstationary,data/clean/musan/music\jamendo\music-jamendo-0075.wav,-1.52,
pair_00335,data/clean/LibriSpeech\dev-clean\652\129742\652-129742-0005.wav,mixed,data/clean/musan/noise\free-sound\noise-free-sound-0473.wav + data/clean/SESA\train\explosion_148.wav,7.65,1.361125
pair_00336,data/clean/LibriSpeech\dev-clean\174\50561\174-50561-0004.wav,mixed,data/clean/musan/noise\free-sound\noise-free-sound-0142.wav + data/clean/SESA\train\siren_028.wav,6.17,0.368875
pair_00337,data/clean/LibriSpeech\dev-clean\3170\137482\3170-137482-0029.wav,stationary,data/clean/musan/noise\free-sound\noise-free-sound-0565.wav,8.02,
pair_00338,data/clean/LibriSpeech\dev-clean\8842\302201\8842-302201-0011.wav,nonstationary,data/clean/musan/music\fma-western-art\music-fma-wa-0005.wav,-4.51,
pair_00339,data/clean/LibriSpeech\dev-clean\5895\34622\5895-34622-0008.wav,mixed,data/clean/musan/noise\free-sound\noise-free-sound-0238.wav + data/clean/SESA\train\explosion_176.wav,5.54,0.7575625
pair_00340,data/clean/LibriSpeech\dev-clean\1462\170138\1462-170138-0011.wav,impulsive,data/clean/SESA\train\gunshot_034.wav,14.23,1.926625
pair_00341,data/clean/LibriSpeech\dev-clean\3752\4943\3752-4943-0004.wav,impulsive,data/clean/SESA\train\explosion_024.wav,9.02,0.3799375
pair_00342,data/clean/LibriSpeech\dev-clean\3853\163249\3853-163249-0053.wav,nonstationary,data/clean/musan/music\fma-western-art\music-fma-wa-0083.wav,13.09,
pair_00343,data/clean/LibriSpeech\dev-clean\6241\61946\6241-61946-0010.wav,nonstationary,data/clean/musan/music\hd-classical\music-hd-0002.wav,4.83,
pair_00344,data/clean/LibriSpeech\dev-clean\3170\137482\3170-137482-0004.wav,stationary,data/clean/musan/noise\free-sound\noise-free-sound-0092.wav,3.33,
pair_00345,data/clean/LibriSpeech\dev-clean\1272\135031\1272-135031-0006.wav,stationary,data/clean/musan/noise\free-sound\noise-free-sound-0651.wav,14.12,
pair_00346,data/clean/LibriSpeech\dev-clean\7976\105575\7976-105575-0012.wav,impulsive,data/clean/SESA\train\explosion_132.wav,10.81,0.264625
pair_00347,data/clean/LibriSpeech\dev-clean\2428\83699\2428-83699-0038.wav,stationary,data/clean/musan/noise\free-sound\noise-free-sound-0223.wav,6.07,
pair_00348,data/clean/LibriSpeech\dev-clean\3170\137482\3170-137482-0045.wav,stationary,data/clean/musan/noise\free-sound\noise-free-sound-0714.wav,6.76,
pair_00349,data/clean/LibriSpeech\dev-clean\1272\141231\1272-141231-0032.wav,mixed,data/clean/musan/noise\free-sound\noise-free-sound-0749.wav + data/clean/SESA\train\explosion_116.wav,1.4,1.050875
pair_00350,data/clean/LibriSpeech\dev-clean\777\126732\777-126732-0025.wav,mixed,data/clean/musan/noise\free-sound\noise-free-sound-0376.wav + data/clean/SESA\train\explosion_056.wav,0.21,1.714875
pair_00351,data/clean/LibriSpeech\dev-clean\3752\4944\3752-4944-0029.wav,mixed,data/clean/musan/noise\free-sound\noise-free-sound-0253.wav + data/clean/SESA\train\explosion_177.wav,4.72,0.9345625
pair_00352,data/clean/LibriSpeech\dev-clean\7976\105575\7976-105575-0027.wav,impulsive,data/clean/SESA\train\siren_070.wav,1.68,0.2235625
pair_00353,data/clean/LibriSpeech\dev-clean\7850\73752\7850-73752-0018.wav,stationary,data/clean/musan/noise\sound-bible\noise-sound-bible-0083.wav,3.08,
pair_00354,data/clean/LibriSpeech\dev-clean\2277\149897\2277-149897-0014.wav,nonstationary,data/clean/musan/music\rfm\music-rfm-0021.wav,13.44,
pair_00355,data/clean/LibriSpeech\dev-clean\777\126732\777-126732-0073.wav,mixed,data/clean/musan/noise\free-sound\noise-free-sound-0762.wav + data/clean/SESA\test\explosion_085.wav,-2.2,0.3585
pair_00356,data/clean/LibriSpeech\dev-clean\84\121123\84-121123-0022.wav,stationary,data/clean/musan/noise\free-sound\noise-free-sound-0275.wav,-4.8,
pair_00357,data/clean/LibriSpeech\dev-clean\2078\142845\2078-142845-0042.wav,nonstationary,data/clean/musan/music\fma\music-fma-0074.wav,-1.9,
pair_00358,data/clean/LibriSpeech\dev-clean\2902\9008\2902-9008-0003.wav,nonstationary,data/clean/musan/music\fma\music-fma-0083.wav,13.0,
pair_00359,data/clean/LibriSpeech\dev-clean\2803\154328\2803-154328-0023.wav,impulsive,data/clean/SESA\train\explosion_078.wav,0.34,2.2851875
pair_00360,data/clean/LibriSpeech\dev-clean\777\126732\777-126732-0078.wav,nonstationary,data/clean/musan/music\jamendo\music-jamendo-0206.wav,8.28,
pair_00361,data/clean/LibriSpeech\dev-clean\1988\147956\1988-147956-0006.wav,mixed,data/clean/musan/noise\sound-bible\noise-sound-bible-0045.wav + data/clean/SESA\train\explosion_097.wav,9.99,1.27325
pair_00362,data/clean/LibriSpeech\dev-clean\5536\43359\5536-43359-0005.wav,impulsive,data/clean/SESA\train\explosion_138.wav,1.61,2.1654375
pair_00363,data/clean/LibriSpeech\dev-clean\422\122949\422-122949-0015.wav,impulsive,data/clean/SESA\test\gunshot_019.wav,8.44,3.9055625
pair_00364,data/clean/LibriSpeech\dev-clean\8297\275156\8297-275156-0010.wav,impulsive,data/clean/SESA\train\explosion_080.wav,-3.62,4.5786875
pair_00365,data/clean/LibriSpeech\dev-clean\1462\170138\1462-170138-0015.wav,mixed,data/clean/musan/noise\sound-bible\noise-sound-bible-0018.wav + data/clean/SESA\train\gunshot_015.wav,3.3,1.428
pair_00366,data/clean/LibriSpeech\dev-clean\5895\34622\5895-34622-0018.wav,stationary,data/clean/musan/noise\sound-bible\noise-sound-bible-0034.wav,-3.66,
pair_00367,data/clean/LibriSpeech\dev-clean\1272\135031\1272-135031-0021.wav,nonstationary,data/clean/musan/music\rfm\music-rfm-0069.wav,11.0,
pair_00368,data/clean/LibriSpeech\dev-clean\7976\105575\7976-105575-0002.wav,stationary,data/clean/musan/noise\free-sound\noise-free-sound-0811.wav,14.11,
pair_00369,data/clean/LibriSpeech\dev-clean\1919\142785\1919-142785-0055.wav,nonstationary,data/clean/musan/music\hd-classical\music-hd-0036.wav,3.59,
pair_00370,data/clean/LibriSpeech\dev-clean\6295\64301\6295-64301-0024.wav,nonstationary,data/clean/musan/music\rfm\music-rfm-0017.wav,10.66,
pair_00371,data/clean/LibriSpeech\dev-clean\3752\4943\3752-4943-0017.wav,mixed,data/clean/musan/noise\free-sound\noise-free-sound-0701.wav + data/clean/SESA\train\siren_028.wav,3.33,0.92275
pair_00372,data/clean/LibriSpeech\dev-clean\1462\170138\1462-170138-0020.wav,mixed,data/clean/musan/noise\free-sound\noise-free-sound-0740.wav + data/clean/SESA\test\siren_071.wav,2.37,0.06225
pair_00373,data/clean/LibriSpeech\dev-clean\6313\76958\6313-76958-0030.wav,nonstationary,data/clean/musan/music\jamendo\music-jamendo-0130.wav,-0.97,
pair_00374,data/clean/LibriSpeech\dev-clean\2277\149874\2277-149874-0001.wav,stationary,data/clean/musan/noise\free-sound\noise-free-sound-0015.wav,3.37,
pair_00375,data/clean/LibriSpeech\dev-clean\777\126732\777-126732-0054.wav,mixed,data/clean/musan/noise\free-sound\noise-free-sound-0031.wav + data/clean/SESA\test\gunshot_072.wav,1.93,0.904875
pair_00376,data/clean/LibriSpeech\dev-clean\3081\166546\3081-166546-0059.wav,nonstationary,data/clean/musan/music\jamendo\music-jamendo-0000.wav,14.01,
pair_00377,data/clean/LibriSpeech\dev-clean\3170\137482\3170-137482-0038.wav,stationary,data/clean/musan/noise\free-sound\noise-free-sound-0694.wav,0.47,
pair_00378,data/clean/LibriSpeech\dev-clean\84\121123\84-121123-0021.wav,mixed,data/clean/musan/noise\free-sound\noise-free-sound-0410.wav + data/clean/SESA\test\explosion_147.wav,-3.99,0.4024375
pair_00379,data/clean/LibriSpeech\dev-clean\2078\142845\2078-142845-0008.wav,mixed,data/clean/musan/noise\free-sound\noise-free-sound-0781.wav + data/clean/SESA\train\explosion_175.wav,8.54,3.0250625
pair_00380,data/clean/LibriSpeech\dev-clean\3853\163249\3853-163249-0040.wav,impulsive,data/clean/SESA\train\siren_081.wav,7.48,1.4299375
pair_00381,data/clean/LibriSpeech\dev-clean\777\126732\777-126732-0057.wav,stationary,data/clean/musan/noise\free-sound\noise-free-sound-0019.wav,1.4,
pair_00382,data/clean/LibriSpeech\dev-clean\3853\163249\3853-163249-0013.wav,stationary,data/clean/musan/noise\free-sound\noise-free-sound-0222.wav,13.76,
pair_00383,data/clean/LibriSpeech\dev-clean\6313\76958\6313-76958-0016.wav,stationary,data/clean/musan/noise\free-sound\noise-free-sound-0401.wav,3.49,
pair_00384,data/clean/LibriSpeech\dev-clean\652\130726\652-130726-0020.wav,stationary,data/clean/musan/noise\free-sound\noise-free-sound-0571.wav,3.2,
pair_00385,data/clean/LibriSpeech\dev-clean\5694\64038\5694-64038-0005.wav,nonstationary,data/clean/musan/music\fma-western-art\music-fma-wa-0079.wav,6.74,
pair_00386,data/clean/LibriSpeech\dev-clean\5536\43363\5536-43363-0018.wav,stationary,data/clean/musan/noise\free-sound\noise-free-sound-0630.wav,13.94,
pair_00387,data/clean/LibriSpeech\dev-clean\6241\61946\6241-61946-0002.wav,stationary,data/clean/musan/noise\free-sound\noise-free-sound-0267.wav,1.05,
pair_00388,data/clean/LibriSpeech\dev-clean\3752\4943\3752-4943-0014.wav,nonstationary,data/clean/musan/music\jamendo\music-jamendo-0151.wav,-4.93,
pair_00389,data/clean/LibriSpeech\dev-clean\84\121123\84-121123-0010.wav,nonstationary,data/clean/musan/music\jamendo\music-jamendo-0154.wav,-3.86,
pair_00390,data/clean/LibriSpeech\dev-clean\6319\57405\6319-57405-0006.wav,stationary,data/clean/musan/noise\free-sound\noise-free-sound-0109.wav,6.36,
pair_00391,data/clean/LibriSpeech\dev-clean\3081\166546\3081-166546-0071.wav,mixed,data/clean/musan/noise\sound-bible\noise-sound-bible-0001.wav + data/clean/SESA\train\explosion_023.wav,8.24,0.2156875
pair_00392,data/clean/LibriSpeech\dev-clean\1673\143397\1673-143397-0009.wav,impulsive,data/clean/SESA\train\siren_070.wav,-0.21,1.636125
pair_00393,data/clean/LibriSpeech\dev-clean\8297\275156\8297-275156-0008.wav,impulsive,data/clean/SESA\test\explosion_063.wav,-3.45,2.091875
pair_00394,data/clean/LibriSpeech\dev-clean\2277\149896\2277-149896-0030.wav,mixed,data/clean/musan/noise\free-sound\noise-free-sound-0165.wav + data/clean/SESA\train\siren_002.wav,1.69,1.895
pair_00395,data/clean/LibriSpeech\dev-clean\2902\9006\2902-9006-0012.wav,stationary,data/clean/musan/noise\free-sound\noise-free-sound-0834.wav,12.03,
pair_00396,data/clean/LibriSpeech\dev-clean\3576\138058\3576-138058-0017.wav,nonstationary,data/clean/musan/music\jamendo\music-jamendo-0007.wav,3.83,
pair_00397,data/clean/LibriSpeech\dev-clean\7850\111771\7850-111771-0004.wav,impulsive,data/clean/SESA\train\siren_076.wav,-1.51,7.073875
pair_00398,data/clean/LibriSpeech\dev-clean\84\121550\84-121550-0020.wav,nonstationary,data/clean/musan/music\jamendo\music-jamendo-0184.wav,12.44,
pair_00399,data/clean/LibriSpeech\dev-clean\5895\34629\5895-34629-0022.wav,mixed,data/clean/musan/noise\free-sound\noise-free-sound-0824.wav + data/clean/SESA\test\explosion_123.wav,11.93,0.181625
pair_00400,data/clean/LibriSpeech\dev-clean\3081\166546\3081-166546-0013.wav,mixed,data/clean/musan/noise\free-sound\noise-free-sound-0601.wav + data/clean/SESA\train\explosion_166.wav,9.05,1.3116875
pair_00401,data/clean/LibriSpeech\dev-clean\6345\93302\6345-93302-0006.wav,mixed,data/clean/musan/noise\free-sound\noise-free-sound-0550.wav + data/clean/SESA\train\siren_037.wav,11.98,1.528875
pair_00402,data/clean/LibriSpeech\dev-clean\5338\24615\5338-24615-0012.wav,impulsive,data/clean/SESA\train\explosion_106.wav,10.79,0.245375
pair_00403,data/clean/LibriSpeech\dev-clean\2902\9006\2902-9006-0014.wav,impulsive,data/clean/SESA\train\siren_069.wav,12.22,4.9060625
pair_00404,data/clean/LibriSpeech\dev-clean\251\118436\251-118436-0021.wav,nonstationary,data/clean/musan/music\jamendo\music-jamendo-0186.wav,0.5,
pair_00405,data/clean/LibriSpeech\dev-clean\6319\275224\6319-275224-0002.wav,nonstationary,data/clean/musan/music\rfm\music-rfm-0009.wav,1.83,
pair_00406,data/clean/LibriSpeech\dev-clean\3170\137482\3170-137482-0037.wav,nonstationary,data/clean/musan/music\rfm\music-rfm-0088.wav,-4.37,
pair_00407,data/clean/LibriSpeech\dev-clean\6313\66125\6313-66125-0006.wav,impulsive,data/clean/SESA\train\explosion_024.wav,4.85,1.2653125
pair_00408,data/clean/LibriSpeech\dev-clean\8842\302203\8842-302203-0007.wav,mixed,data/clean/musan/noise\free-sound\noise-free-sound-0237.wav + data/clean/SESA\train\explosion_152.wav,-4.14,0.9400625
pair_00409,data/clean/LibriSpeech\dev-clean\1993\147149\1993-147149-0006.wav,nonstationary,data/clean/musan/music\rfm\music-rfm-0080.wav,12.5,
pair_00410,data/clean/LibriSpeech\dev-clean\5694\64025\5694-64025-0007.wav,mixed,data/clean/musan/noise\free-sound\noise-free-sound-0739.wav + data/clean/SESA\train\explosion_069.wav,7.25,1.625
pair_00411,data/clean/LibriSpeech\dev-clean\6345\64257\6345-64257-0007.wav,nonstationary,data/clean/musan/music\jamendo\music-jamendo-0115.wav,14.57,
pair_00412,data/clean/LibriSpeech\dev-clean\7976\105575\7976-105575-0014.wav,stationary,data/clean/musan/noise\free-sound\noise-free-sound-0234.wav,3.82,
pair_00413,data/clean/LibriSpeech\dev-clean\2902\9006\2902-9006-0003.wav,nonstationary,data/clean/musan/music\jamendo\music-jamendo-0036.wav,10.15,
pair_00414,data/clean/LibriSpeech\dev-clean\777\126732\777-126732-0040.wav,nonstationary,data/clean/musan/music\jamendo\music-jamendo-0206.wav,-0.37,
pair_00415,data/clean/LibriSpeech\dev-clean\422\122949\422-122949-0007.wav,impulsive,data/clean/SESA\test\gunshot_041.wav,13.16,2.8459375
pair_00416,data/clean/LibriSpeech\dev-clean\652\130726\652-130726-0030.wav,stationary,data/clean/musan/noise\free-sound\noise-free-sound-0518.wav,-4.82,
pair_00417,data/clean/LibriSpeech\dev-clean\1988\148538\1988-148538-0015.wav,mixed,data/clean/musan/noise\free-sound\noise-free-sound-0327.wav + data/clean/SESA\train\explosion_142.wav,3.48,4.0104375
pair_00418,data/clean/LibriSpeech\dev-clean\1462\170145\1462-170145-0002.wav,stationary,data/clean/musan/noise\free-sound\noise-free-sound-0667.wav,5.77,
pair_00419,data/clean/LibriSpeech\dev-clean\3536\8226\3536-8226-0025.wav,impulsive,data/clean/SESA\train\explosion_125.wav,6.81,0.7725625
pair_00420,data/clean/LibriSpeech\dev-clean\7850\111771\7850-111771-0000.wav,impulsive,data/clean/SESA\train\explosion_165.wav,5.28,0.925125
pair_00421,data/clean/LibriSpeech\dev-clean\3752\4944\3752-4944-0062.wav,impulsive,data/clean/SESA\test\gunshot_063.wav,11.8,0.8229375
pair_00422,data/clean/LibriSpeech\dev-clean\2078\142845\2078-142845-0010.wav,nonstationary,data/clean/musan/music\jamendo\music-jamendo-0038.wav,10.81,
pair_00423,data/clean/LibriSpeech\dev-clean\777\126732\777-126732-0045.wav,mixed,data/clean/musan/noise\free-sound\noise-free-sound-0236.wav + data/clean/SESA\train\siren_101.wav,14.74,1.7096875
pair_00424,data/clean/LibriSpeech\dev-clean\8842\304647\8842-304647-0010.wav,impulsive,data/clean/SESA\train\gunshot_025.wav,1.39,8.342375
pair_00425,data/clean/LibriSpeech\dev-clean\3081\166546\3081-166546-0008.wav,mixed,data/clean/musan/noise\free-sound\noise-free-sound-0250.wav + data/clean/SESA\train\explosion_105.wav,13.73,0.824875
pair_00426,data/clean/LibriSpeech\dev-clean\6345\64257\6345-64257-0018.wav,mixed,data/clean/musan/noise\free-sound\noise-free-sound-0588.wav + data/clean/SESA\train\siren_098.wav,10.01,0.1729375
pair_00427,data/clean/LibriSpeech\dev-clean\2902\9006\2902-9006-0017.wav,mixed,data/clean/musan/noise\free-sound\noise-free-sound-0545.wav + data/clean/SESA\test\explosion_123.wav,7.71,2.2250625
pair_00428,data/clean/LibriSpeech\dev-clean\2277\149897\2277-149897-0019.wav,stationary,data/clean/musan/noise\free-sound\noise-free-sound-0387.wav,-0.86,
pair_00429,data/clean/LibriSpeech\dev-clean\3576\138058\3576-138058-0027.wav,nonstationary,data/clean/musan/music\fma\music-fma-0039.wav,1.47,
pair_00430,data/clean/LibriSpeech\dev-clean\652\129742\652-129742-0019.wav,nonstationary,data/clean/musan/music\fma\music-fma-0002.wav,-1.55,
pair_00431,data/clean/LibriSpeech\dev-clean\8842\304647\8842-304647-0009.wav,mixed,data/clean/musan/noise\free-sound\noise-free-sound-0124.wav + data/clean/SESA\train\siren_008.wav,12.78,0.153375
pair_00432,data/clean/LibriSpeech\dev-clean\2035\147961\2035-147961-0016.wav,mixed,data/clean/musan/noise\free-sound\noise-free-sound-0655.wav + data/clean/SESA\test\gunshot_041.wav,-0.31,0.3463125
pair_00433,data/clean/LibriSpeech\dev-clean\2035\147961\2035-147961-0014.wav,nonstationary,data/clean/musan/music\jamendo\music-jamendo-0142.wav,10.76,
pair_00434,data/clean/LibriSpeech\dev-clean\7976\110124\7976-110124-0018.wav,stationary,data/clean/musan/noise\free-sound\noise-free-sound-0313.wav,5.96,
pair_00435,data/clean/LibriSpeech\dev-clean\7850\73752\7850-73752-0017.wav,stationary,data/clean/musan/noise\free-sound\noise-free-sound-0809.wav,-3.94,
pair_00436,data/clean/LibriSpeech\dev-clean\3170\137482\3170-137482-0008.wav,stationary,data/clean/musan/noise\free-sound\noise-free-sound-0716.wav,-0.97,
pair_00437,data/clean/LibriSpeech\dev-clean\6295\244435\6295-244435-0023.wav,nonstationary,data/clean/musan/music\fma\music-fma-0073.wav,8.64,
pair_00438,data/clean/LibriSpeech\dev-clean\2035\147961\2035-147961-0016.wav,mixed,data/clean/musan/noise\free-sound\noise-free-sound-0258.wav + data/clean/SESA\train\explosion_032.wav,8.14,0.23925
pair_00439,data/clean/LibriSpeech\dev-clean\8842\302203\8842-302203-0002.wav,nonstationary,data/clean/musan/music\jamendo\music-jamendo-0138.wav,2.26,
pair_00440,data/clean/LibriSpeech\dev-clean\5895\34622\5895-34622-0007.wav,impulsive,data/clean/SESA\train\gunshot_070.wav,-0.42,1.431
pair_00441,data/clean/LibriSpeech\dev-clean\2277\149896\2277-149896-0011.wav,stationary,data/clean/musan/noise\free-sound\noise-free-sound-0799.wav,5.68,
pair_00442,data/clean/LibriSpeech\dev-clean\1993\147149\1993-147149-0006.wav,mixed,data/clean/musan/noise\free-sound\noise-free-sound-0455.wav + data/clean/SESA\train\gunshot_081.wav,6.13,9.801375
pair_00443,data/clean/LibriSpeech\dev-clean\2035\152373\2035-152373-0008.wav,mixed,data/clean/musan/noise\sound-bible\noise-sound-bible-0005.wav + data/clean/SESA\train\explosion_124.wav,6.39,0.2681875
pair_00444,data/clean/LibriSpeech\dev-clean\3000\15664\3000-15664-0041.wav,stationary,data/clean/musan/noise\free-sound\noise-free-sound-0623.wav,14.21,
pair_00445,data/clean/LibriSpeech\dev-clean\6313\66129\6313-66129-0021.wav,nonstationary,data/clean/musan/music\jamendo\music-jamendo-0102.wav,2.45,
pair_00446,data/clean/LibriSpeech\dev-clean\6345\64257\6345-64257-0014.wav,nonstationary,data/clean/musan/music\jamendo\music-jamendo-0025.wav,2.42,
pair_00447,data/clean/LibriSpeech\dev-clean\3752\4943\3752-4943-0007.wav,stationary,data/clean/musan/noise\free-sound\noise-free-sound-0098.wav,-1.39,
pair_00448,data/clean/LibriSpeech\dev-clean\652\130726\652-130726-0034.wav,impulsive,data/clean/SESA\train\explosion_072.wav,7.13,3.5268125
pair_00449,data/clean/LibriSpeech\dev-clean\3576\138058\3576-138058-0013.wav,mixed,data/clean/musan/noise\free-sound\noise-free-sound-0575.wav + data/clean/SESA\train\siren_026.wav,2.33,0.4189375
pair_00450,data/clean/LibriSpeech\dev-clean\777\126732\777-126732-0044.wav,impulsive,data/clean/SESA\train\siren_010.wav,-1.05,0.519125
pair_00451,data/clean/LibriSpeech\dev-clean\7976\110523\7976-110523-0011.wav,mixed,data/clean/musan/noise\free-sound\noise-free-sound-0539.wav + data/clean/SESA\train\explosion_010.wav,-2.21,0.60975
pair_00452,data/clean/LibriSpeech\dev-clean\2428\83705\2428-83705-0003.wav,stationary,data/clean/musan/noise\free-sound\noise-free-sound-0675.wav,6.13,
pair_00453,data/clean/LibriSpeech\dev-clean\2412\153947\2412-153947-0009.wav,impulsive,data/clean/SESA\test\explosion_000.wav,6.9,0.1824375
pair_00454,data/clean/LibriSpeech\dev-clean\6241\61946\6241-61946-0004.wav,nonstationary,data/clean/musan/music\jamendo\music-jamendo-0173.wav,-2.02,
pair_00455,data/clean/LibriSpeech\dev-clean\2902\9006\2902-9006-0005.wav,impulsive,data/clean/SESA\train\gunshot_036.wav,10.02,1.241625
pair_00456,data/clean/LibriSpeech\dev-clean\777\126732\777-126732-0025.wav,stationary,data/clean/musan/noise\free-sound\noise-free-sound-0171.wav,13.1,
pair_00457,data/clean/LibriSpeech\dev-clean\652\130726\652-130726-0019.wav,nonstationary,data/clean/musan/music\fma-western-art\music-fma-wa-0049.wav,-0.03,
pair_00458,data/clean/LibriSpeech\dev-clean\3752\4943\3752-4943-0012.wav,nonstationary,data/clean/musan/music\fma\music-fma-0109.wav,-1.43,
pair_00459,data/clean/LibriSpeech\dev-clean\3081\166546\3081-166546-0070.wav,nonstationary,data/clean/musan/music\jamendo\music-jamendo-0110.wav,6.6,
pair_00460,data/clean/LibriSpeech\dev-clean\2277\149897\2277-149897-0028.wav,impulsive,data/clean/SESA\train\gunshot_085.wav,-4.68,1.653125
pair_00461,data/clean/LibriSpeech\dev-clean\2902\9008\2902-9008-0004.wav,nonstationary,data/clean/musan/music\fma-western-art\music-fma-wa-0032.wav,11.76,
pair_00462,data/clean/LibriSpeech\dev-clean\3081\166546\3081-166546-0052.wav,nonstationary,data/clean/musan/music\fma\music-fma-0079.wav,12.25,
pair_00463,data/clean/LibriSpeech\dev-clean\652\130726\652-130726-0008.wav,nonstationary,data/clean/musan/music\rfm\music-rfm-0021.wav,14.32,
pair_00464,data/clean/LibriSpeech\dev-clean\3170\137482\3170-137482-0002.wav,impulsive,data/clean/SESA\train\gunshot_097.wav,3.75,10.926125
pair_00465,data/clean/LibriSpeech\dev-clean\1988\147956\1988-147956-0029.wav,nonstationary,data/clean/musan/music\jamendo\music-jamendo-0030.wav,-3.37,
pair_00466,data/clean/LibriSpeech\dev-clean\2428\83705\2428-83705-0029.wav,mixed,data/clean/musan/noise\free-sound\noise-free-sound-0145.wav + data/clean/SESA\train\siren_075.wav,10.82,0.2750625
pair_00467,data/clean/LibriSpeech\dev-clean\3081\166546\3081-166546-0056.wav,stationary,data/clean/musan/noise\free-sound\noise-free-sound-0020.wav,3.02,
pair_00468,data/clean/LibriSpeech\dev-clean\2035\152373\2035-152373-0013.wav,nonstationary,data/clean/musan/music\jamendo\music-jamendo-0138.wav,9.84,
pair_00469,data/clean/LibriSpeech\dev-clean\6241\61946\6241-61946-0001.wav,impulsive,data/clean/SESA\train\siren_101.wav,8.22,2.464
pair_00470,data/clean/LibriSpeech\dev-clean\3752\4944\3752-4944-0033.wav,mixed,data/clean/musan/noise\sound-bible\noise-sound-bible-0026.wav + data/clean/SESA\train\gunshot_050.wav,2.22,0.93075
pair_00471,data/clean/LibriSpeech\dev-clean\3853\163249\3853-163249-0010.wav,stationary,data/clean/musan/noise\free-sound\noise-free-sound-0677.wav,8.75,
pair_00472,data/clean/LibriSpeech\dev-clean\8842\302203\8842-302203-0009.wav,impulsive,data/clean/SESA\test\gunshot_000.wav,3.49,2.779625
pair_00473,data/clean/LibriSpeech\dev-clean\8842\304647\8842-304647-0008.wav,mixed,data/clean/musan/noise\free-sound\noise-free-sound-0009.wav + data/clean/SESA\test\explosion_095.wav,8.18,0.2501875
pair_00474,data/clean/LibriSpeech\dev-clean\174\84280\174-84280-0014.wav,impulsive,data/clean/SESA\train\explosion_011.wav,-2.25,1.126375
pair_00475,data/clean/LibriSpeech\dev-clean\2428\83705\2428-83705-0029.wav,stationary,data/clean/musan/noise\free-sound\noise-free-sound-0836.wav,1.6,
pair_00476,data/clean/LibriSpeech\dev-clean\1988\148538\1988-148538-0010.wav,impulsive,data/clean/SESA\train\siren_045.wav,-5.0,0.173125
pair_00477,data/clean/LibriSpeech\dev-clean\3752\4943\3752-4943-0030.wav,mixed,data/clean/musan/noise\free-sound\noise-free-sound-0511.wav + data/clean/SESA\train\siren_067.wav,14.7,0.3045
pair_00478,data/clean/LibriSpeech\dev-clean\3081\166546\3081-166546-0023.wav,nonstationary,data/clean/musan/music\fma-western-art\music-fma-wa-0069.wav,-1.55,
pair_00479,data/clean/LibriSpeech\dev-clean\1462\170142\1462-170142-0037.wav,nonstationary,data/clean/musan/music\fma-western-art\music-fma-wa-0047.wav,0.62,
pair_00480,data/clean/LibriSpeech\dev-clean\3170\137482\3170-137482-0009.wav,nonstationary,data/clean/musan/music\fma\music-fma-0050.wav,7.57,
pair_00481,data/clean/LibriSpeech\dev-clean\5895\34629\5895-34629-0024.wav,mixed,data/clean/musan/noise\free-sound\noise-free-sound-0651.wav + data/clean/SESA\train\explosion_121.wav,7.65,1.3039375
pair_00482,data/clean/LibriSpeech\dev-clean\7976\110124\7976-110124-0009.wav,mixed,data/clean/musan/noise\free-sound\noise-free-sound-0810.wav + data/clean/SESA\train\gunshot_010.wav,-3.21,1.3535625
pair_00483,data/clean/LibriSpeech\dev-clean\3752\4944\3752-4944-0015.wav,mixed,data/clean/musan/noise\free-sound\noise-free-sound-0244.wav + data/clean/SESA\train\explosion_072.wav,2.87,1.2493125
pair_00484,data/clean/LibriSpeech\dev-clean\6241\66616\6241-66616-0018.wav,mixed,data/clean/musan/noise\sound-bible\noise-sound-bible-0025.wav + data/clean/SESA\train\explosion_172.wav,-2.32,2.8151875
pair_00485,data/clean/LibriSpeech\dev-clean\3536\8226\3536-8226-0028.wav,mixed,data/clean/musan/noise\free-sound\noise-free-sound-0646.wav + data/clean/SESA\train\gunshot_087.wav,5.69,0.5161875
pair_00486,data/clean/LibriSpeech\dev-clean\2035\147960\2035-147960-0012.wav,nonstationary,data/clean/musan/music\fma\music-fma-0112.wav,12.93,
pair_00487,data/clean/LibriSpeech\dev-clean\777\126732\777-126732-0045.wav,stationary,data/clean/musan/noise\free-sound\noise-free-sound-0284.wav,13.74,
pair_00488,data/clean/LibriSpeech\dev-clean\3853\163249\3853-163249-0000.wav,stationary,data/clean/musan/noise\free-sound\noise-free-sound-0810.wav,0.81,
pair_00489,data/clean/LibriSpeech\dev-clean\2412\153954\2412-153954-0002.wav,impulsive,data/clean/SESA\train\siren_000.wav,7.96,1.3875625
pair_00490,data/clean/LibriSpeech\dev-clean\3752\4944\3752-4944-0063.wav,mixed,data/clean/musan/noise\free-sound\noise-free-sound-0193.wav + data/clean/SESA\train\explosion_045.wav,5.17,0.296375
pair_00491,data/clean/LibriSpeech\dev-clean\7850\286674\7850-286674-0005.wav,nonstationary,data/clean/musan/music\fma\music-fma-0110.wav,10.07,
pair_00492,data/clean/LibriSpeech\dev-clean\174\84280\174-84280-0006.wav,mixed,data/clean/musan/noise\free-sound\noise-free-sound-0242.wav + data/clean/SESA\train\explosion_014.wav,14.46,3.07125
pair_00493,data/clean/LibriSpeech\dev-clean\5536\43363\5536-43363-0012.wav,stationary,data/clean/musan/noise\sound-bible\noise-sound-bible-0068.wav,7.03,
pair_00494,data/clean/LibriSpeech\dev-clean\1988\24833\1988-24833-0027.wav,impulsive,data/clean/SESA\train\gunshot_085.wav,13.67,0.3861875
pair_00495,data/clean/LibriSpeech\dev-clean\2078\142845\2078-142845-0028.wav,mixed,data/clean/musan/noise\free-sound\noise-free-sound-0213.wav + data/clean/SESA\train\explosion_193.wav,14.6,7.2620625
pair_00496,data/clean/LibriSpeech\dev-clean\1988\24833\1988-24833-0005.wav,impulsive,data/clean/SESA\train\gunshot_090.wav,13.07,0.1126875
pair_00497,data/clean/LibriSpeech\dev-clean\6241\61943\6241-61943-0025.wav,impulsive,data/clean/SESA\test\explosion_208.wav,4.89,0.34075
pair_00498,data/clean/LibriSpeech\dev-clean\3853\163249\3853-163249-0025.wav,nonstationary,data/clean/musan/music\fma\music-fma-0105.wav,14.34,
pair_00499,data/clean/LibriSpeech\dev-clean\6345\64257\6345-64257-0012.wav,mixed,data/clean/musan/noise\free-sound\noise-free-sound-0133.wav + data/clean/SESA\train\gunshot_044.wav,3.92,0.5535
pair_00500,data/clean/LibriSpeech\dev-clean\2428\83705\2428-83705-0035.wav,mixed,data/clean/musan/noise\free-sound\noise-free-sound-0266.wav + data/clean/SESA\train\siren_019.wav,11.82,2.750375
pair_00501,data/clean/LibriSpeech\dev-clean\6345\93302\6345-93302-0020.wav,mixed,data/clean/musan/noise\sound-bible\noise-sound-bible-0080.wav + data/clean/SESA\train\explosion_170.wav,-3.45,1.0043125
pair_00502,data/clean/LibriSpeech\dev-clean\5895\34629\5895-34629-0013.wav,nonstationary,data/clean/musan/music\rfm\music-rfm-0014.wav,10.56,
pair_00503,data/clean/LibriSpeech\dev-clean\5694\64025\5694-64025-0001.wav,mixed,data/clean/musan/noise\free-sound\noise-free-sound-0161.wav + data/clean/SESA\test\gunshot_084.wav,1.38,0.5455
pair_00504,data/clean/LibriSpeech\dev-clean\6345\93306\6345-93306-0012.wav,nonstationary,data/clean/musan/music\hd-classical\music-hd-0012.wav,6.04,
pair_00505,data/clean/LibriSpeech\dev-clean\6313\66129\6313-66129-0019.wav,stationary,data/clean/musan/noise\free-sound\noise-free-sound-0652.wav,3.6,
pair_00506,data/clean/LibriSpeech\dev-clean\8297\275155\8297-275155-0005.wav,mixed,data/clean/musan/noise\free-sound\noise-free-sound-0685.wav + data/clean/SESA\train\gunshot_024.wav,9.38,0.9505
pair_00507,data/clean/LibriSpeech\dev-clean\777\126732\777-126732-0042.wav,stationary,data/clean/musan/noise\free-sound\noise-free-sound-0789.wav,13.62,
pair_00508,data/clean/LibriSpeech\dev-clean\2902\9006\2902-9006-0009.wav,stationary,data/clean/musan/noise\sound-bible\noise-sound-bible-0021.wav,6.47,
pair_00509,data/clean/LibriSpeech\dev-clean\6345\64257\6345-64257-0013.wav,impulsive,data/clean/SESA\train\explosion_110.wav,9.97,2.85625
pair_00510,data/clean/LibriSpeech\dev-clean\2035\152373\2035-152373-0012.wav,impulsive,data/clean/SESA\test\explosion_025.wav,-3.39,5.0214375
pair_00511,data/clean/LibriSpeech\dev-clean\8297\275155\8297-275155-0024.wav,nonstationary,data/clean/musan/music\fma\music-fma-0114.wav,12.15,
pair_00512,data/clean/LibriSpeech\dev-clean\3576\138058\3576-138058-0032.wav,impulsive,data/clean/SESA\train\gunshot_042.wav,-2.82,0.9859375
pair_00513,data/clean/LibriSpeech\dev-clean\3536\8226\3536-8226-0024.wav,impulsive,data/clean/SESA\train\siren_072.wav,-2.41,0.764625
pair_00514,data/clean/LibriSpeech\dev-clean\2277\149897\2277-149897-0028.wav,mixed,data/clean/musan/noise\free-sound\noise-free-sound-0833.wav + data/clean/SESA\train\siren_068.wav,-4.07,0.7138125
pair_00515,data/clean/LibriSpeech\dev-clean\6241\66616\6241-66616-0011.wav,mixed,data/clean/musan/noise\free-sound\noise-free-sound-0438.wav + data/clean/SESA\train\gunshot_018.wav,6.21,1.8713125
pair_00516,data/clean/LibriSpeech\dev-clean\3853\163249\3853-163249-0003.wav,nonstationary,data/clean/musan/music\fma-western-art\music-fma-wa-0086.wav,-3.42,
pair_00517,data/clean/LibriSpeech\dev-clean\5694\64029\5694-64029-0000.wav,nonstationary,data/clean/musan/music\hd-classical\music-hd-0003.wav,4.49,
pair_00518,data/clean/LibriSpeech\dev-clean\5536\43363\5536-43363-0018.wav,impulsive,data/clean/SESA\test\explosion_095.wav,12.65,3.0465625
pair_00519,data/clean/LibriSpeech\dev-clean\2277\149874\2277-149874-0003.wav,stationary,data/clean/musan/noise\free-sound\noise-free-sound-0222.wav,7.01,
pair_00520,data/clean/LibriSpeech\dev-clean\3081\166546\3081-166546-0065.wav,mixed,data/clean/musan/noise\free-sound\noise-free-sound-0124.wav + data/clean/SESA\train\explosion_111.wav,7.85,0.07975
pair_00521,data/clean/LibriSpeech\dev-clean\251\136532\251-136532-0000.wav,impulsive,data/clean/SESA\train\gunshot_021.wav,-3.4,1.0539375
pair_00522,data/clean/LibriSpeech\dev-clean\1993\147964\1993-147964-0010.wav,mixed,data/clean/musan/noise\free-sound\noise-free-sound-0143.wav + data/clean/SESA\train\gunshot_048.wav,6.56,8.9859375
pair_00523,data/clean/LibriSpeech\dev-clean\6345\64257\6345-64257-0001.wav,impulsive,data/clean/SESA\train\gunshot_030.wav,9.23,0.324125
pair_00524,data/clean/LibriSpeech\dev-clean\777\126732\777-126732-0053.wav,mixed,data/clean/musan/noise\free-sound\noise-free-sound-0751.wav + data/clean/SESA\train\gunshot_033.wav,7.68,0.1163125
pair_00525,data/clean/LibriSpeech\dev-clean\2277\149896\2277-149896-0021.wav,mixed,data/clean/musan/noise\free-sound\noise-free-sound-0745.wav + data/clean/SESA\train\explosion_106.wav,-2.79,0.9246875
pair_00526,data/clean/LibriSpeech\dev-clean\84\121550\84-121550-0000.wav,stationary,data/clean/musan/noise\free-sound\noise-free-sound-0089.wav,1.69,
pair_00527,data/clean/LibriSpeech\dev-clean\5895\34615\5895-34615-0003.wav,impulsive,data/clean/SESA\test\explosion_119.wav,13.87,1.668625
pair_00528,data/clean/LibriSpeech\dev-clean\1988\147956\1988-147956-0000.wav,stationary,data/clean/musan/noise\free-sound\noise-free-sound-0099.wav,12.13,
pair_00529,data/clean/LibriSpeech\dev-clean\5895\34615\5895-34615-0002.wav,mixed,data/clean/musan/noise\free-sound\noise-free-sound-0100.wav + data/clean/SESA\test\siren_102.wav,4.53,1.010875
pair_00530,data/clean/LibriSpeech\dev-clean\3752\4943\3752-4943-0012.wav,nonstationary,data/clean/musan/music\fma\music-fma-0038.wav,5.62,
pair_00531,data/clean/LibriSpeech\dev-clean\7976\110124\7976-110124-0013.wav,stationary,data/clean/musan/noise\free-sound\noise-free-sound-0210.wav,10.56,
pair_00532,data/clean/LibriSpeech\dev-clean\1272\135031\1272-135031-0010.wav,nonstationary,data/clean/musan/music\hd-classical\music-hd-0054.wav,-0.75,
pair_00533,data/clean/LibriSpeech\dev-clean\6319\57405\6319-57405-0002.wav,stationary,data/clean/musan/noise\free-sound\noise-free-sound-0475.wav,1.43,
pair_00534,data/clean/LibriSpeech\dev-clean\6313\76958\6313-76958-0021.wav,stationary,data/clean/musan/noise\free-sound\noise-free-sound-0276.wav,-1.78,
pair_00535,data/clean/LibriSpeech\dev-clean\1988\24833\1988-24833-0015.wav,nonstationary,data/clean/musan/music\fma-western-art\music-fma-wa-0000.wav,1.52,
pair_00536,data/clean/LibriSpeech\dev-clean\1919\142785\1919-142785-0059.wav,stationary,data/clean/musan/noise\free-sound\noise-free-sound-0003.wav,14.6,
pair_00537,data/clean/LibriSpeech\dev-clean\6295\244435\6295-244435-0038.wav,nonstationary,data/clean/musan/music\rfm\music-rfm-0101.wav,1.67,
pair_00538,data/clean/LibriSpeech\dev-clean\777\126732\777-126732-0028.wav,nonstationary,data/clean/musan/music\fma\music-fma-0096.wav,9.73,
pair_00539,data/clean/LibriSpeech\dev-clean\6345\93306\6345-93306-0004.wav,impulsive,data/clean/SESA\train\explosion_198.wav,1.71,1.42575
pair_00540,data/clean/LibriSpeech\dev-clean\5895\34615\5895-34615-0013.wav,nonstationary,data/clean/musan/music\rfm\music-rfm-0047.wav,11.16,
pair_00541,data/clean/LibriSpeech\dev-clean\6241\66616\6241-66616-0006.wav,nonstationary,data/clean/musan/music\jamendo\music-jamendo-0167.wav,-4.36,
pair_00542,data/clean/LibriSpeech\dev-clean\5895\34622\5895-34622-0009.wav,nonstationary,data/clean/musan/music\fma-western-art\music-fma-wa-0038.wav,0.16,
pair_00543,data/clean/LibriSpeech\dev-clean\174\50561\174-50561-0015.wav,nonstationary,data/clean/musan/music\hd-classical\music-hd-0003.wav,-4.79,
pair_00544,data/clean/LibriSpeech\dev-clean\3576\138058\3576-138058-0003.wav,nonstationary,data/clean/musan/music\jamendo\music-jamendo-0206.wav,3.49,
pair_00545,data/clean/LibriSpeech\dev-clean\2078\142845\2078-142845-0035.wav,stationary,data/clean/musan/noise\free-sound\noise-free-sound-0192.wav,3.19,
pair_00546,data/clean/LibriSpeech\dev-clean\7850\73752\7850-73752-0005.wav,nonstationary,data/clean/musan/music\jamendo\music-jamendo-0158.wav,6.88,
pair_00547,data/clean/LibriSpeech\dev-clean\2035\147961\2035-147961-0005.wav,stationary,data/clean/musan/noise\free-sound\noise-free-sound-0526.wav,3.14,
pair_00548,data/clean/LibriSpeech\dev-clean\1462\170142\1462-170142-0006.wav,impulsive,data/clean/SESA\train\siren_061.wav,7.29,0.665
pair_00549,data/clean/LibriSpeech\dev-clean\6295\64301\6295-64301-0019.wav,nonstationary,data/clean/musan/music\fma\music-fma-0082.wav,12.09,
pair_00550,data/clean/LibriSpeech\dev-clean\6241\66616\6241-66616-0005.wav,impulsive,data/clean/SESA\train\gunshot_023.wav,5.13,7.9755
pair_00551,data/clean/LibriSpeech\dev-clean\2277\149874\2277-149874-0021.wav,impulsive,data/clean/SESA\train\siren_028.wav,13.34,1.4345625
pair_00552,data/clean/LibriSpeech\dev-clean\2277\149897\2277-149897-0015.wav,stationary,data/clean/musan/noise\free-sound\noise-free-sound-0348.wav,-3.86,
pair_00553,data/clean/LibriSpeech\dev-clean\2035\147961\2035-147961-0006.wav,impulsive,data/clean/SESA\train\gunshot_023.wav,10.07,1.028625
pair_00554,data/clean/LibriSpeech\dev-clean\3752\4944\3752-4944-0000.wav,stationary,data/clean/musan/noise\free-sound\noise-free-sound-0131.wav,10.37,
pair_00555,data/clean/LibriSpeech\dev-clean\1919\142785\1919-142785-0034.wav,stationary,data/clean/musan/noise\free-sound\noise-free-sound-0489.wav,4.52,
pair_00556,data/clean/LibriSpeech\dev-clean\6345\93306\6345-93306-0013.wav,nonstationary,data/clean/musan/music\hd-classical\music-hd-0072.wav,3.84,
pair_00557,data/clean/LibriSpeech\dev-clean\6313\66129\6313-66129-0015.wav,mixed,data/clean/musan/noise\free-sound\noise-free-sound-0369.wav + data/clean/SESA\train\gunshot_022.wav,-2.8,5.495625
pair_00558,data/clean/LibriSpeech\dev-clean\6345\64257\6345-64257-0000.wav,impulsive,data/clean/SESA\train\explosion_015.wav,6.38,2.4023125
pair_00559,data/clean/LibriSpeech\dev-clean\5694\64025\5694-64025-0009.wav,impulsive,data/clean/SESA\train\explosion_032.wav,-0.88,0.3189375
pair_00560,data/clean/LibriSpeech\dev-clean\5338\284437\5338-284437-0033.wav,mixed,data/clean/musan/noise\free-sound\noise-free-sound-0167.wav + data/clean/SESA\train\siren_003.wav,11.25,0.6444375
pair_00561,data/clean/LibriSpeech\dev-clean\6241\61946\6241-61946-0010.wav,mixed,data/clean/musan/noise\free-sound\noise-free-sound-0104.wav + data/clean/SESA\train\explosion_090.wav,6.63,0.075125
pair_00562,data/clean/LibriSpeech\dev-clean\5895\34615\5895-34615-0012.wav,impulsive,data/clean/SESA\test\explosion_164.wav,8.84,0.648375
pair_00563,data/clean/LibriSpeech\dev-clean\6345\93302\6345-93302-0013.wav,impulsive,data/clean/SESA\train\gunshot_034.wav,-4.36,0.061375
pair_00564,data/clean/LibriSpeech\dev-clean\5536\43358\5536-43358-0000.wav,mixed,data/clean/musan/noise\sound-bible\noise-sound-bible-0085.wav + data/clean/SESA\train\gunshot_020.wav,13.65,0.426625
pair_00565,data/clean/LibriSpeech\dev-clean\3000\15664\3000-15664-0027.wav,nonstationary,data/clean/musan/music\jamendo\music-jamendo-0191.wav,7.2,
pair_00566,data/clean/LibriSpeech\dev-clean\2086\149220\2086-149220-0015.wav,stationary,data/clean/musan/noise\free-sound\noise-free-sound-0041.wav,5.53,
pair_00567,data/clean/LibriSpeech\dev-clean\6345\93302\6345-93302-0028.wav,nonstationary,data/clean/musan/music\hd-classical\music-hd-0052.wav,6.66,
pair_00568,data/clean/LibriSpeech\dev-clean\6313\66129\6313-66129-0008.wav,impulsive,data/clean/SESA\train\explosion_054.wav,7.13,0.36025
pair_00569,data/clean/LibriSpeech\dev-clean\1988\148538\1988-148538-0002.wav,mixed,data/clean/musan/noise\free-sound\noise-free-sound-0697.wav + data/clean/SESA\train\explosion_037.wav,8.32,1.549375
pair_00570,data/clean/LibriSpeech\dev-clean\2277\149897\2277-149897-0019.wav,nonstationary,data/clean/musan/music\fma\music-fma-0007.wav,-1.86,
pair_00571,data/clean/LibriSpeech\dev-clean\6295\64301\6295-64301-0012.wav,stationary,data/clean/musan/noise\sound-bible\noise-sound-bible-0044.wav,5.4,
pair_00572,data/clean/LibriSpeech\dev-clean\6241\61943\6241-61943-0012.wav,impulsive,data/clean/SESA\train\gunshot_020.wav,12.08,4.1958125
pair_00573,data/clean/LibriSpeech\dev-clean\2412\153954\2412-153954-0002.wav,mixed,data/clean/musan/noise\free-sound\noise-free-sound-0322.wav + data/clean/SESA\train\explosion_050.wav,11.37,0.4973125
pair_00574,data/clean/LibriSpeech\dev-clean\1988\24833\1988-24833-0020.wav,nonstationary,data/clean/musan/music\rfm\music-rfm-0013.wav,2.08,
pair_00575,data/clean/LibriSpeech\dev-clean\7976\110124\7976-110124-0019.wav,mixed,data/clean/musan/noise\free-sound\noise-free-sound-0408.wav + data/clean/SESA\train\gunshot_067.wav,13.9,0.567625
pair_00576,data/clean/LibriSpeech\dev-clean\7850\281318\7850-281318-0007.wav,nonstationary,data/clean/musan/music\fma-western-art\music-fma-wa-0083.wav,1.51,
pair_00577,data/clean/LibriSpeech\dev-clean\6313\66129\6313-66129-0034.wav,stationary,data/clean/musan/noise\free-sound\noise-free-sound-0361.wav,7.24,
pair_00578,data/clean/LibriSpeech\dev-clean\6319\64726\6319-64726-0006.wav,stationary,data/clean/musan/noise\free-sound\noise-free-sound-0329.wav,7.35,
pair_00579,data/clean/LibriSpeech\dev-clean\1993\147149\1993-147149-0019.wav,impulsive,data/clean/SESA\train\explosion_051.wav,13.58,0.658
pair_00580,data/clean/LibriSpeech\dev-clean\1988\148538\1988-148538-0005.wav,mixed,data/clean/musan/noise\sound-bible\noise-sound-bible-0018.wav + data/clean/SESA\test\siren_018.wav,-2.33,6.25225
pair_00581,data/clean/LibriSpeech\dev-clean\422\122949\422-122949-0023.wav,mixed,data/clean/musan/noise\free-sound\noise-free-sound-0302.wav + data/clean/SESA\train\explosion_033.wav,5.34,4.593125
pair_00582,data/clean/LibriSpeech\dev-clean\1673\143396\1673-143396-0003.wav,mixed,data/clean/musan/noise\free-sound\noise-free-sound-0013.wav + data/clean/SESA\test\gunshot_041.wav,11.18,2.9348125
pair_00583,data/clean/LibriSpeech\dev-clean\7976\110523\7976-110523-0002.wav,mixed,data/clean/musan/noise\free-sound\noise-free-sound-0530.wav + data/clean/SESA\train\siren_075.wav,0.32,0.8733125
pair_00584,data/clean/LibriSpeech\dev-clean\6319\57405\6319-57405-0011.wav,nonstationary,data/clean/musan/music\fma-western-art\music-fma-wa-0005.wav,14.55,
pair_00585,data/clean/LibriSpeech\dev-clean\1988\147956\1988-147956-0028.wav,impulsive,data/clean/SESA\train\explosion_016.wav,9.3,1.6190625
pair_00586,data/clean/LibriSpeech\dev-clean\777\126732\777-126732-0030.wav,stationary,data/clean/musan/noise\free-sound\noise-free-sound-0583.wav,-3.26,
pair_00587,data/clean/LibriSpeech\dev-clean\3081\166546\3081-166546-0017.wav,impulsive,data/clean/SESA\train\gunshot_075.wav,6.95,0.7721875
pair_00588,data/clean/LibriSpeech\dev-clean\1272\141231\1272-141231-0014.wav,nonstationary,data/clean/musan/music\fma-western-art\music-fma-wa-0067.wav,3.31,
pair_00589,data/clean/LibriSpeech\dev-clean\2035\152373\2035-152373-0015.wav,mixed,data/clean/musan/noise\sound-bible\noise-sound-bible-0047.wav + data/clean/SESA\train\gunshot_011.wav,4.96,3.848625
pair_00590,data/clean/LibriSpeech\dev-clean\3752\4944\3752-4944-0050.wav,stationary,data/clean/musan/noise\sound-bible\noise-sound-bible-0075.wav,2.9,
pair_00591,data/clean/LibriSpeech\dev-clean\3536\23268\3536-23268-0010.wav,stationary,data/clean/musan/noise\free-sound\noise-free-sound-0282.wav,14.27,
pair_00592,data/clean/LibriSpeech\dev-clean\5338\24640\5338-24640-0005.wav,mixed,data/clean/musan/noise\free-sound\noise-free-sound-0586.wav + data/clean/SESA\train\gunshot_024.wav,-4.26,0.521
pair_00593,data/clean/LibriSpeech\dev-clean\2428\83699\2428-83699-0035.wav,mixed,data/clean/musan/noise\free-sound\noise-free-sound-0173.wav + data/clean/SESA\train\gunshot_021.wav,6.63,0.181375
pair_00594,data/clean/LibriSpeech\dev-clean\2086\149220\2086-149220-0001.wav,nonstationary,data/clean/musan/music\jamendo\music-jamendo-0016.wav,7.23,
pair_00595,data/clean/LibriSpeech\dev-clean\5694\64025\5694-64025-0022.wav,stationary,data/clean/musan/noise\sound-bible\noise-sound-bible-0023.wav,14.76,
pair_00596,data/clean/LibriSpeech\dev-clean\6241\61946\6241-61946-0009.wav,impulsive,data/clean/SESA\train\explosion_205.wav,-2.8,2.001125
pair_00597,data/clean/LibriSpeech\dev-clean\777\126732\777-126732-0030.wav,mixed,data/clean/musan/noise\free-sound\noise-free-sound-0804.wav + data/clean/SESA\test\siren_089.wav,7.25,0.627375
pair_00598,data/clean/LibriSpeech\dev-clean\1919\142785\1919-142785-0061.wav,mixed,data/clean/musan/noise\free-sound\noise-free-sound-0408.wav + data/clean/SESA\train\explosion_044.wav,-2.06,1.0744375
pair_00599,data/clean/LibriSpeech\dev-clean\1993\147149\1993-147149-0018.wav,nonstationary,data/clean/musan/music\hd-classical\music-hd-0019.wav,-1.34,
pair_00600,data/clean/LibriSpeech\dev-clean\1462\170145\1462-170145-0007.wav,nonstationary,data/clean/musan/music\rfm\music-rfm-0076.wav,-4.58,
pair_00601,data/clean/LibriSpeech\dev-clean\6241\66616\6241-66616-0009.wav,mixed,data/clean/musan/noise\sound-bible\noise-sound-bible-0029.wav + data/clean/SESA\train\explosion_162.wav,12.1,4.63175
pair_00602,data/clean/LibriSpeech\dev-clean\6345\64257\6345-64257-0013.wav,nonstationary,data/clean/musan/music\jamendo\music-jamendo-0041.wav,1.7,
pair_00603,data/clean/LibriSpeech\dev-clean\6295\64301\6295-64301-0018.wav,mixed,data/clean/musan/noise\free-sound\noise-free-sound-0442.wav + data/clean/SESA\train\siren_032.wav,3.31,0.7221875
pair_00604,data/clean/LibriSpeech\dev-clean\6241\61946\6241-61946-0000.wav,mixed,data/clean/musan/noise\free-sound\noise-free-sound-0529.wav + data/clean/SESA\train\explosion_010.wav,14.96,0.9216875
pair_00605,data/clean/LibriSpeech\dev-clean\2277\149874\2277-149874-0009.wav,stationary,data/clean/musan/noise\free-sound\noise-free-sound-0484.wav,9.0,
pair_00606,data/clean/LibriSpeech\dev-clean\7976\110523\7976-110523-0003.wav,impulsive,data/clean/SESA\train\explosion_078.wav,-3.12,0.6855
pair_00607,data/clean/LibriSpeech\dev-clean\3000\15664\3000-15664-0026.wav,mixed,data/clean/musan/noise\free-sound\noise-free-sound-0434.wav + data/clean/SESA\train\gunshot_062.wav,-3.26,0.1713125
pair_00608,data/clean/LibriSpeech\dev-clean\2428\83705\2428-83705-0008.wav,mixed,data/clean/musan/noise\free-sound\noise-free-sound-0223.wav + data/clean/SESA\train\explosion_100.wav,8.01,1.089375
pair_00609,data/clean/LibriSpeech\dev-clean\3000\15664\3000-15664-0033.wav,stationary,data/clean/musan/noise\free-sound\noise-free-sound-0655.wav,-4.56,
pair_00610,data/clean/LibriSpeech\dev-clean\3853\163249\3853-163249-0015.wav,nonstationary,data/clean/musan/music\jamendo\music-jamendo-0052.wav,-0.91,
pair_00611,data/clean/LibriSpeech\dev-clean\777\126732\777-126732-0048.wav,impulsive,data/clean/SESA\test\gunshot_027.wav,14.29,2.057
pair_00612,data/clean/LibriSpeech\dev-clean\6345\93302\6345-93302-0016.wav,stationary,data/clean/musan/noise\free-sound\noise-free-sound-0459.wav,-2.28,
pair_00613,data/clean/LibriSpeech\dev-clean\8297\275155\8297-275155-0026.wav,impulsive,data/clean/SESA\train\explosion_070.wav,-3.51,1.104875
pair_00614,data/clean/LibriSpeech\dev-clean\1462\170145\1462-170145-0013.wav,impulsive,data/clean/SESA\train\explosion_049.wav,8.01,0.874125
pair_00615,data/clean/LibriSpeech\dev-clean\7976\105575\7976-105575-0028.wav,impulsive,data/clean/SESA\test\siren_035.wav,10.51,0.32525
pair_00616,data/clean/LibriSpeech\dev-clean\777\126732\777-126732-0028.wav,stationary,data/clean/musan/noise\free-sound\noise-free-sound-0280.wav,4.75,
pair_00617,data/clean/LibriSpeech\dev-clean\652\130726\652-130726-0016.wav,impulsive,data/clean/SESA\train\siren_080.wav,12.02,0.9225
pair_00618,data/clean/LibriSpeech\dev-clean\2803\154328\2803-154328-0006.wav,nonstationary,data/clean/musan/music\fma\music-fma-0086.wav,14.68,
pair_00619,data/clean/LibriSpeech\dev-clean\7850\281318\7850-281318-0011.wav,nonstationary,data/clean/musan/music\rfm\music-rfm-0040.wav,2.15,
pair_00620,data/clean/LibriSpeech\dev-clean\2277\149896\2277-149896-0034.wav,nonstationary,data/clean/musan/music\jamendo\music-jamendo-0120.wav,-4.33,
pair_00621,data/clean/LibriSpeech\dev-clean\6345\93302\6345-93302-0005.wav,nonstationary,data/clean/musan/music\fma\music-fma-0092.wav,-3.07,
pair_00622,data/clean/LibriSpeech\dev-clean\3081\166546\3081-166546-0017.wav,impulsive,data/clean/SESA\train\siren_013.wav,13.63,0.5393125
pair_00623,data/clean/LibriSpeech\dev-clean\2277\149874\2277-149874-0003.wav,stationary,data/clean/musan/noise\free-sound\noise-free-sound-0167.wav,6.52,
pair_00624,data/clean/LibriSpeech\dev-clean\2803\161169\2803-161169-0008.wav,impulsive,data/clean/SESA\train\explosion_106.wav,1.5,4.338375
pair_00625,data/clean/LibriSpeech\dev-clean\3170\137482\3170-137482-0024.wav,mixed,data/clean/musan/noise\free-sound\noise-free-sound-0703.wav + data/clean/SESA\train\siren_003.wav,-2.27,1.7083125
pair_00626,data/clean/LibriSpeech\dev-clean\3576\138058\3576-138058-0010.wav,mixed,data/clean/musan/noise\sound-bible\noise-sound-bible-0030.wav + data/clean/SESA\train\explosion_054.wav,6.35,2.8298125
pair_00627,data/clean/LibriSpeech\dev-clean\3081\166546\3081-166546-0020.wav,stationary,data/clean/musan/noise\free-sound\noise-free-sound-0038.wav,5.5,
pair_00628,data/clean/LibriSpeech\dev-clean\1272\135031\1272-135031-0021.wav,nonstationary,data/clean/musan/music\jamendo\music-jamendo-0202.wav,-3.23,
pair_00629,data/clean/LibriSpeech\dev-clean\2428\83705\2428-83705-0036.wav,impulsive,data/clean/SESA\train\explosion_125.wav,-0.61,0.8633125
pair_00630,data/clean/LibriSpeech\dev-clean\6345\93302\6345-93302-0006.wav,nonstationary,data/clean/musan/music\hd-classical\music-hd-0014.wav,6.5,
pair_00631,data/clean/LibriSpeech\dev-clean\2412\153947\2412-153947-0009.wav,impulsive,data/clean/SESA\train\gunshot_016.wav,7.0,2.878875
pair_00632,data/clean/LibriSpeech\dev-clean\2902\9008\2902-9008-0009.wav,impulsive,data/clean/SESA\test\siren_050.wav,9.82,2.3536875
pair_00633,data/clean/LibriSpeech\dev-clean\5895\34629\5895-34629-0006.wav,nonstationary,data/clean/musan/music\fma\music-fma-0119.wav,3.93,
pair_00634,data/clean/LibriSpeech\dev-clean\1988\24833\1988-24833-0006.wav,mixed,data/clean/musan/noise\free-sound\noise-free-sound-0391.wav + data/clean/SESA\test\gunshot_026.wav,-3.75,0.4931875
pair_00635,data/clean/LibriSpeech\dev-clean\3752\4944\3752-4944-0054.wav,impulsive,data/clean/SESA\test\gunshot_032.wav,5.5,1.1661875
pair_00636,data/clean/LibriSpeech\dev-clean\6241\61943\6241-61943-0008.wav,impulsive,data/clean/SESA\train\gunshot_097.wav,0.16,0.89025
pair_00637,data/clean/LibriSpeech\dev-clean\3752\4944\3752-4944-0038.wav,stationary,data/clean/musan/noise\free-sound\noise-free-sound-0317.wav,4.91,
pair_00638,data/clean/LibriSpeech\dev-clean\174\84280\174-84280-0006.wav,stationary,data/clean/musan/noise\free-sound\noise-free-sound-0603.wav,12.67,
pair_00639,data/clean/LibriSpeech\dev-clean\2086\149220\2086-149220-0016.wav,impulsive,data/clean/SESA\train\explosion_083.wav,3.1,0.862875
pair_00640,data/clean/LibriSpeech\dev-clean\3536\8226\3536-8226-0023.wav,nonstationary,data/clean/musan/music\jamendo\music-jamendo-0160.wav,3.33,
pair_00641,data/clean/LibriSpeech\dev-clean\5895\34622\5895-34622-0014.wav,nonstationary,data/clean/musan/music\fma-western-art\music-fma-wa-0086.wav,6.15,
pair_00642,data/clean/LibriSpeech\dev-clean\6313\76958\6313-76958-0018.wav,stationary,data/clean/musan/noise\free-sound\noise-free-sound-0077.wav,-0.22,
pair_00643,data/clean/LibriSpeech\dev-clean\6241\61943\6241-61943-0010.wav,mixed,data/clean/musan/noise\free-sound\noise-free-sound-0167.wav + data/clean/SESA\train\explosion_205.wav,6.66,1.05325
pair_00644,data/clean/LibriSpeech\dev-clean\2412\153954\2412-153954-0008.wav,nonstationary,data/clean/musan/music\fma\music-fma-0111.wav,-0.51,
pair_00645,data/clean/LibriSpeech\dev-clean\3752\4944\3752-4944-0045.wav,stationary,data/clean/musan/noise\free-sound\noise-free-sound-0296.wav,-1.54,
pair_00646,data/clean/LibriSpeech\dev-clean\174\168635\174-168635-0003.wav,nonstationary,data/clean/musan/music\jamendo\music-jamendo-0088.wav,2.61,
pair_00647,data/clean/LibriSpeech\dev-clean\1993\147149\1993-147149-0027.wav,impulsive,data/clean/SESA\train\explosion_028.wav,9.39,7.4859375
pair_00648,data/clean/LibriSpeech\dev-clean\251\136532\251-136532-0009.wav,nonstationary,data/clean/musan/music\fma-western-art\music-fma-wa-0013.wav,9.0,
pair_00649,data/clean/LibriSpeech\dev-clean\2428\83705\2428-83705-0021.wav,mixed,data/clean/musan/noise\free-sound\noise-free-sound-0345.wav + data/clean/SESA\train\siren_023.wav,-3.06,1.1651875
pair_00650,data/clean/LibriSpeech\dev-clean\6319\57405\6319-57405-0011.wav,mixed,data/clean/musan/noise\free-sound\noise-free-sound-0612.wav + data/clean/SESA\train\siren_048.wav,2.32,0.9954375
pair_00651,data/clean/LibriSpeech\dev-clean\174\50561\174-50561-0012.wav,nonstationary,data/clean/musan/music\jamendo\music-jamendo-0208.wav,14.3,
pair_00652,data/clean/LibriSpeech\dev-clean\7976\110523\7976-110523-0020.wav,stationary,data/clean/musan/noise\free-sound\noise-free-sound-0599.wav,12.4,
pair_00653,data/clean/LibriSpeech\dev-clean\3081\166546\3081-166546-0018.wav,mixed,data/clean/musan/noise\sound-bible\noise-sound-bible-0078.wav + data/clean/SESA\test\explosion_164.wav,13.32,0.8698125
pair_00654,data/clean/LibriSpeech\dev-clean\7850\73752\7850-73752-0000.wav,impulsive,data/clean/SESA\train\gunshot_073.wav,4.46,0.05
pair_00655,data/clean/LibriSpeech\dev-clean\6319\275224\6319-275224-0016.wav,impulsive,data/clean/SESA\train\gunshot_065.wav,7.42,2.0058125
pair_00656,data/clean/LibriSpeech\dev-clean\1272\135031\1272-135031-0011.wav,mixed,data/clean/musan/noise\free-sound\noise-free-sound-0348.wav + data/clean/SESA\train\explosion_146.wav,8.72,0.6595
pair_00657,data/clean/LibriSpeech\dev-clean\1462\170138\1462-170138-0014.wav,mixed,data/clean/musan/noise\free-sound\noise-free-sound-0808.wav + data/clean/SESA\train\siren_009.wav,-4.72,0.0774375
pair_00658,data/clean/LibriSpeech\dev-clean\422\122949\422-122949-0002.wav,impulsive,data/clean/SESA\train\siren_069.wav,-1.08,0.5501875
pair_00659,data/clean/LibriSpeech\dev-clean\6345\64257\6345-64257-0005.wav,nonstationary,data/clean/musan/music\fma-western-art\music-fma-wa-0043.wav,6.97,
pair_00660,data/clean/LibriSpeech\dev-clean\2428\83699\2428-83699-0014.wav,nonstationary,data/clean/musan/music\rfm\music-rfm-0144.wav,0.3,
pair_00661,data/clean/LibriSpeech\dev-clean\422\122949\422-122949-0016.wav,stationary,data/clean/musan/noise\sound-bible\noise-sound-bible-0037.wav,2.05,
pair_00662,data/clean/LibriSpeech\dev-clean\3536\23268\3536-23268-0025.wav,stationary,data/clean/musan/noise\free-sound\noise-free-sound-0123.wav,0.88,
pair_00663,data/clean/LibriSpeech\dev-clean\1673\143396\1673-143396-0014.wav,impulsive,data/clean/SESA\train\siren_014.wav,12.01,5.13525
pair_00664,data/clean/LibriSpeech\dev-clean\6313\76958\6313-76958-0014.wav,mixed,data/clean/musan/noise\free-sound\noise-free-sound-0001.wav + data/clean/SESA\train\explosion_005.wav,12.6,0.5458125
pair_00665,data/clean/LibriSpeech\dev-clean\5895\34622\5895-34622-0001.wav,impulsive,data/clean/SESA\train\gunshot_053.wav,10.05,2.3756875
pair_00666,data/clean/LibriSpeech\dev-clean\7976\105575\7976-105575-0007.wav,mixed,data/clean/musan/noise\free-sound\noise-free-sound-0276.wav + data/clean/SESA\train\explosion_152.wav,13.41,0.000125
pair_00667,data/clean/LibriSpeech\dev-clean\2412\153948\2412-153948-0001.wav,mixed,data/clean/musan/noise\free-sound\noise-free-sound-0448.wav + data/clean/SESA\train\siren_073.wav,11.17,4.5855
pair_00668,data/clean/LibriSpeech\dev-clean\2277\149897\2277-149897-0025.wav,mixed,data/clean/musan/noise\sound-bible\noise-sound-bible-0076.wav + data/clean/SESA\train\explosion_174.wav,-2.02,0.7253125
pair_00669,data/clean/LibriSpeech\dev-clean\777\126732\777-126732-0062.wav,mixed,data/clean/musan/noise\free-sound\noise-free-sound-0551.wav + data/clean/SESA\train\siren_063.wav,8.51,0.923875
pair_00670,data/clean/LibriSpeech\dev-clean\6241\66616\6241-66616-0003.wav,mixed,data/clean/musan/noise\free-sound\noise-free-sound-0517.wav + data/clean/SESA\train\explosion_144.wav,5.97,1.4380625
pair_00671,data/clean/LibriSpeech\dev-clean\1462\170142\1462-170142-0029.wav,mixed,data/clean/musan/noise\free-sound\noise-free-sound-0131.wav + data/clean/SESA\test\siren_097.wav,12.72,0.893375
pair_00672,data/clean/LibriSpeech\dev-clean\84\121550\84-121550-0006.wav,mixed,data/clean/musan/noise\free-sound\noise-free-sound-0445.wav + data/clean/SESA\train\siren_051.wav,4.36,0.527
pair_00673,data/clean/LibriSpeech\dev-clean\5895\34622\5895-34622-0022.wav,nonstationary,data/clean/musan/music\rfm\music-rfm-0122.wav,9.89,
pair_00674,data/clean/LibriSpeech\dev-clean\2035\152373\2035-152373-0007.wav,mixed,data/clean/musan/noise\free-sound\noise-free-sound-0570.wav + data/clean/SESA\train\explosion_078.wav,7.71,3.476875
pair_00675,data/clean/LibriSpeech\dev-clean\2086\149220\2086-149220-0016.wav,nonstationary,data/clean/musan/music\rfm\music-rfm-0063.wav,0.39,
pair_00676,data/clean/LibriSpeech\dev-clean\6313\66129\6313-66129-0018.wav,nonstationary,data/clean/musan/music\fma-western-art\music-fma-wa-0043.wav,8.11,
pair_00677,data/clean/LibriSpeech\dev-clean\2902\9006\2902-9006-0000.wav,impulsive,data/clean/SESA\train\explosion_130.wav,0.91,0.13725
pair_00678,data/clean/LibriSpeech\dev-clean\422\122949\422-122949-0014.wav,nonstationary,data/clean/musan/music\fma-western-art\music-fma-wa-0042.wav,14.9,
pair_00679,data/clean/LibriSpeech\dev-clean\6319\57405\6319-57405-0006.wav,nonstationary,data/clean/musan/music\rfm\music-rfm-0115.wav,12.82,
pair_00680,data/clean/LibriSpeech\dev-clean\251\137823\251-137823-0013.wav,impulsive,data/clean/SESA\train\siren_009.wav,0.16,0.4281875
pair_00681,data/clean/LibriSpeech\dev-clean\3853\163249\3853-163249-0039.wav,stationary,data/clean/musan/noise\free-sound\noise-free-sound-0349.wav,11.54,
pair_00682,data/clean/LibriSpeech\dev-clean\3000\15664\3000-15664-0032.wav,mixed,data/clean/musan/noise\sound-bible\noise-sound-bible-0052.wav + data/clean/SESA\train\siren_069.wav,-0.5,1.682875
pair_00683,data/clean/LibriSpeech\dev-clean\2803\161169\2803-161169-0004.wav,nonstationary,data/clean/musan/music\rfm\music-rfm-0043.wav,14.86,
pair_00684,data/clean/LibriSpeech\dev-clean\8297\275156\8297-275156-0011.wav,mixed,data/clean/musan/noise\free-sound\noise-free-sound-0663.wav + data/clean/SESA\test\explosion_088.wav,-3.08,0.773875
pair_00685,data/clean/LibriSpeech\dev-clean\6313\66125\6313-66125-0013.wav,mixed,data/clean/musan/noise\free-sound\noise-free-sound-0015.wav + data/clean/SESA\train\explosion_026.wav,1.5,1.019375
pair_00686,data/clean/LibriSpeech\dev-clean\3000\15664\3000-15664-0018.wav,nonstationary,data/clean/musan/music\jamendo\music-jamendo-0039.wav,5.11,
pair_00687,data/clean/LibriSpeech\dev-clean\8297\275156\8297-275156-0004.wav,stationary,data/clean/musan/noise\free-sound\noise-free-sound-0837.wav,0.75,
pair_00688,data/clean/LibriSpeech\dev-clean\2035\147960\2035-147960-0010.wav,mixed,data/clean/musan/noise\free-sound\noise-free-sound-0622.wav + data/clean/SESA\test\explosion_031.wav,11.42,2.6130625
pair_00689,data/clean/LibriSpeech\dev-clean\8297\275156\8297-275156-0000.wav,impulsive,data/clean/SESA\train\explosion_180.wav,14.42,0.7215625
pair_00690,data/clean/LibriSpeech\dev-clean\3081\166546\3081-166546-0051.wav,stationary,data/clean/musan/noise\free-sound\noise-free-sound-0530.wav,8.58,
pair_00691,data/clean/LibriSpeech\dev-clean\3853\163249\3853-163249-0038.wav,nonstationary,data/clean/musan/music\rfm\music-rfm-0017.wav,14.0,
pair_00692,data/clean/LibriSpeech\dev-clean\3853\163249\3853-163249-0001.wav,stationary,data/clean/musan/noise\free-sound\noise-free-sound-0005.wav,10.7,
pair_00693,data/clean/LibriSpeech\dev-clean\2035\152373\2035-152373-0016.wav,mixed,data/clean/musan/noise\free-sound\noise-free-sound-0715.wav + data/clean/SESA\train\explosion_077.wav,-3.77,1.7095625
pair_00694,data/clean/LibriSpeech\dev-clean\6313\66125\6313-66125-0023.wav,stationary,data/clean/musan/noise\free-sound\noise-free-sound-0641.wav,4.19,
pair_00695,data/clean/LibriSpeech\dev-clean\1919\142785\1919-142785-0046.wav,impulsive,data/clean/SESA\test\gunshot_080.wav,2.93,0.942625
pair_00696,data/clean/LibriSpeech\dev-clean\251\137823\251-137823-0019.wav,mixed,data/clean/musan/noise\free-sound\noise-free-sound-0178.wav + data/clean/SESA\test\gunshot_100.wav,13.04,3.87425
pair_00697,data/clean/LibriSpeech\dev-clean\2086\149220\2086-149220-0003.wav,nonstationary,data/clean/musan/music\jamendo\music-jamendo-0058.wav,-0.03,
pair_00698,data/clean/LibriSpeech\dev-clean\6241\61946\6241-61946-0000.wav,mixed,data/clean/musan/noise\free-sound\noise-free-sound-0538.wav + data/clean/SESA\test\explosion_119.wav,11.0,0.168875
pair_00699,data/clean/LibriSpeech\dev-clean\2803\154328\2803-154328-0012.wav,nonstationary,data/clean/musan/music\rfm\music-rfm-0001.wav,-4.45,
pair_00700,data/clean/LibriSpeech\dev-clean\777\126732\777-126732-0026.wav,stationary,data/clean/musan/noise\free-sound\noise-free-sound-0817.wav,2.44,
pair_00701,data/clean/LibriSpeech\dev-clean\3853\163249\3853-163249-0031.wav,impulsive,data/clean/SESA\train\siren_000.wav,-4.69,3.749125
pair_00702,data/clean/LibriSpeech\dev-clean\2277\149896\2277-149896-0022.wav,stationary,data/clean/musan/noise\free-sound\noise-free-sound-0580.wav,1.3,
pair_00703,data/clean/LibriSpeech\dev-clean\1919\142785\1919-142785-0050.wav,impulsive,data/clean/SESA\train\explosion_188.wav,0.46,3.121625
pair_00704,data/clean/LibriSpeech\dev-clean\777\126732\777-126732-0081.wav,stationary,data/clean/musan/noise\free-sound\noise-free-sound-0108.wav,6.04,
pair_00705,data/clean/LibriSpeech\dev-clean\3752\4944\3752-4944-0067.wav,nonstationary,data/clean/musan/music\rfm\music-rfm-0028.wav,10.7,
pair_00706,data/clean/LibriSpeech\dev-clean\2428\83705\2428-83705-0007.wav,stationary,data/clean/musan/noise\free-sound\noise-free-sound-0368.wav,9.71,
pair_00707,data/clean/LibriSpeech\dev-clean\777\126732\777-126732-0015.wav,nonstationary,data/clean/musan/music\jamendo\music-jamendo-0038.wav,4.0,
pair_00708,data/clean/LibriSpeech\dev-clean\7976\110523\7976-110523-0004.wav,mixed,data/clean/musan/noise\free-sound\noise-free-sound-0461.wav + data/clean/SESA\train\explosion_126.wav,14.57,0.4488125
pair_00709,data/clean/LibriSpeech\dev-clean\5536\43358\5536-43358-0003.wav,nonstationary,data/clean/musan/music\fma\music-fma-0072.wav,10.61,
pair_00710,data/clean/LibriSpeech\dev-clean\2078\142845\2078-142845-0014.wav,stationary,data/clean/musan/noise\free-sound\noise-free-sound-0399.wav,-4.79,
pair_00711,data/clean/LibriSpeech\dev-clean\8297\275154\8297-275154-0011.wav,nonstationary,data/clean/musan/music\jamendo\music-jamendo-0183.wav,2.97,
pair_00712,data/clean/LibriSpeech\dev-clean\1919\142785\1919-142785-0018.wav,mixed,data/clean/musan/noise\free-sound\noise-free-sound-0318.wav + data/clean/SESA\train\gunshot_089.wav,-3.2,1.2159375
pair_00713,data/clean/LibriSpeech\dev-clean\1919\142785\1919-142785-0036.wav,stationary,data/clean/musan/noise\free-sound\noise-free-sound-0262.wav,1.47,
pair_00714,data/clean/LibriSpeech\dev-clean\1993\147149\1993-147149-0019.wav,mixed,data/clean/musan/noise\free-sound\noise-free-sound-0711.wav + data/clean/SESA\train\gunshot_066.wav,-3.97,1.33275
pair_00715,data/clean/LibriSpeech\dev-clean\1272\135031\1272-135031-0001.wav,stationary,data/clean/musan/noise\free-sound\noise-free-sound-0097.wav,8.12,
pair_00716,data/clean/LibriSpeech\dev-clean\6241\61943\6241-61943-0008.wav,nonstationary,data/clean/musan/music\fma-western-art\music-fma-wa-0042.wav,8.94,
pair_00717,data/clean/LibriSpeech\dev-clean\3000\15664\3000-15664-0021.wav,impulsive,data/clean/SESA\train\gunshot_046.wav,0.08,0.5358125
pair_00718,data/clean/LibriSpeech\dev-clean\7850\111771\7850-111771-0004.wav,stationary,data/clean/musan/noise\free-sound\noise-free-sound-0215.wav,14.8,
pair_00719,data/clean/LibriSpeech\dev-clean\1673\143396\1673-143396-0003.wav,mixed,data/clean/musan/noise\free-sound\noise-free-sound-0627.wav + data/clean/SESA\test\explosion_046.wav,10.72,3.4563125
pair_00720,data/clean/LibriSpeech\dev-clean\5694\64025\5694-64025-0006.wav,stationary,data/clean/musan/noise\free-sound\noise-free-sound-0415.wav,-3.76,
pair_00721,data/clean/LibriSpeech\dev-clean\1462\170142\1462-170142-0031.wav,impulsive,data/clean/SESA\train\explosion_181.wav,13.23,0.098
pair_00722,data/clean/LibriSpeech\dev-clean\6345\64257\6345-64257-0008.wav,nonstationary,data/clean/musan/music\jamendo\music-jamendo-0041.wav,11.04,
pair_00723,data/clean/LibriSpeech\dev-clean\5536\43359\5536-43359-0016.wav,nonstationary,data/clean/musan/music\hd-classical\music-hd-0026.wav,-3.11,
pair_00724,data/clean/LibriSpeech\dev-clean\1919\142785\1919-142785-0038.wav,mixed,data/clean/musan/noise\free-sound\noise-free-sound-0017.wav + data/clean/SESA\train\siren_043.wav,13.57,1.27425
pair_00725,data/clean/LibriSpeech\dev-clean\6345\64257\6345-64257-0001.wav,impulsive,data/clean/SESA\train\siren_041.wav,-4.1,7.021
pair_00726,data/clean/LibriSpeech\dev-clean\2035\147961\2035-147961-0015.wav,mixed,data/clean/musan/noise\free-sound\noise-free-sound-0576.wav + data/clean/SESA\train\explosion_115.wav,2.59,1.127625
pair_00727,data/clean/LibriSpeech\dev-clean\2428\83705\2428-83705-0006.wav,mixed,data/clean/musan/noise\free-sound\noise-free-sound-0270.wav + data/clean/SESA\test\gunshot_009.wav,0.88,1.756875
pair_00728,data/clean/LibriSpeech\dev-clean\2277\149897\2277-149897-0037.wav,stationary,data/clean/musan/noise\free-sound\noise-free-sound-0066.wav,8.26,
pair_00729,data/clean/LibriSpeech\dev-clean\5338\284437\5338-284437-0012.wav,stationary,data/clean/musan/noise\free-sound\noise-free-sound-0559.wav,11.63,
pair_00730,data/clean/LibriSpeech\dev-clean\1272\135031\1272-135031-0010.wav,stationary,data/clean/musan/noise\free-sound\noise-free-sound-0144.wav,11.94,
pair_00731,data/clean/LibriSpeech\dev-clean\2035\152373\2035-152373-0009.wav,nonstationary,data/clean/musan/music\fma-western-art\music-fma-wa-0013.wav,14.95,
pair_00732,data/clean/LibriSpeech\dev-clean\5895\34615\5895-34615-0014.wav,nonstationary,data/clean/musan/music\jamendo\music-jamendo-0204.wav,-1.9,
pair_00733,data/clean/LibriSpeech\dev-clean\1272\141231\1272-141231-0003.wav,nonstationary,data/clean/musan/music\hd-classical\music-hd-0058.wav,-2.4,
pair_00734,data/clean/LibriSpeech\dev-clean\1272\128104\1272-128104-0002.wav,mixed,data/clean/musan/noise\free-sound\noise-free-sound-0491.wav + data/clean/SESA\train\gunshot_089.wav,-0.75,0.017125
pair_00735,data/clean/LibriSpeech\dev-clean\3536\8226\3536-8226-0011.wav,nonstationary,data/clean/musan/music\hd-classical\music-hd-0030.wav,5.12,
pair_00736,data/clean/LibriSpeech\dev-clean\5338\284437\5338-284437-0031.wav,nonstationary,data/clean/musan/music\fma\music-fma-0036.wav,-2.22,
pair_00737,data/clean/LibriSpeech\dev-clean\8297\275154\8297-275154-0023.wav,impulsive,data/clean/SESA\train\explosion_106.wav,-3.56,0.527875
pair_00738,data/clean/LibriSpeech\dev-clean\6313\66129\6313-66129-0025.wav,impulsive,data/clean/SESA\train\explosion_005.wav,-0.8,0.161125
pair_00739,data/clean/LibriSpeech\dev-clean\174\50561\174-50561-0013.wav,impulsive,data/clean/SESA\test\explosion_203.wav,-1.91,1.2651875
pair_00740,data/clean/LibriSpeech\dev-clean\174\84280\174-84280-0006.wav,nonstationary,data/clean/musan/music\fma-western-art\music-fma-wa-0052.wav,11.17,
pair_00741,data/clean/LibriSpeech\dev-clean\3000\15664\3000-15664-0038.wav,mixed,data/clean/musan/noise\free-sound\noise-free-sound-0323.wav + data/clean/SESA\train\explosion_044.wav,-3.31,7.1679375
pair_00742,data/clean/LibriSpeech\dev-clean\652\130726\652-130726-0022.wav,mixed,data/clean/musan/noise\free-sound\noise-free-sound-0290.wav + data/clean/SESA\train\siren_056.wav,7.42,1.39475
pair_00743,data/clean/LibriSpeech\dev-clean\7976\110523\7976-110523-0015.wav,nonstationary,data/clean/musan/music\fma\music-fma-0101.wav,9.19,
pair_00744,data/clean/LibriSpeech\dev-clean\6241\61943\6241-61943-0013.wav,mixed,data/clean/musan/noise\free-sound\noise-free-sound-0535.wav + data/clean/SESA\train\explosion_105.wav,12.19,1.56425
pair_00745,data/clean/LibriSpeech\dev-clean\3752\4943\3752-4943-0018.wav,stationary,data/clean/musan/noise\free-sound\noise-free-sound-0258.wav,7.51,
pair_00746,data/clean/LibriSpeech\dev-clean\3081\166546\3081-166546-0086.wav,impulsive,data/clean/SESA\train\gunshot_042.wav,4.8,0.6614375
pair_00747,data/clean/LibriSpeech\dev-clean\3081\166546\3081-166546-0072.wav,nonstationary,data/clean/musan/music\fma-western-art\music-fma-wa-0041.wav,10.52,
pair_00748,data/clean/LibriSpeech\dev-clean\6241\61946\6241-61946-0016.wav,mixed,data/clean/musan/noise\free-sound\noise-free-sound-0555.wav + data/clean/SESA\train\siren_054.wav,1.8,1.47575
pair_00749,data/clean/LibriSpeech\dev-clean\2035\152373\2035-152373-0005.wav,mixed,data/clean/musan/noise\free-sound\noise-free-sound-0012.wav + data/clean/SESA\train\siren_014.wav,-1.54,1.376375
pair_00750,data/clean/LibriSpeech\dev-clean\6319\275224\6319-275224-0003.wav,nonstationary,data/clean/musan/music\fma\music-fma-0120.wav,1.77,
pair_00751,data/clean/LibriSpeech\dev-clean\1462\170138\1462-170138-0021.wav,nonstationary,data/clean/musan/music\hd-classical\music-hd-0044.wav,9.13,
pair_00752,data/clean/LibriSpeech\dev-clean\8842\304647\8842-304647-0003.wav,mixed,data/clean/musan/noise\free-sound\noise-free-sound-0048.wav + data/clean/SESA\test\explosion_036.wav,7.34,0.12575
pair_00753,data/clean/LibriSpeech\dev-clean\1272\135031\1272-135031-0000.wav,mixed,data/clean/musan/noise\sound-bible\noise-sound-bible-0020.wav + data/clean/SESA\train\siren_023.wav,10.87,2.4901875
pair_00754,data/clean/LibriSpeech\dev-clean\1272\141231\1272-141231-0002.wav,mixed,data/clean/musan/noise\free-sound\noise-free-sound-0586.wav + data/clean/SESA\train\explosion_053.wav,8.64,1.5851875
pair_00755,data/clean/LibriSpeech\dev-clean\6345\93306\6345-93306-0008.wav,impulsive,data/clean/SESA\train\explosion_132.wav,-3.88,0.1154375
pair_00756,data/clean/LibriSpeech\dev-clean\8842\302201\8842-302201-0001.wav,nonstationary,data/clean/musan/music\rfm\music-rfm-0116.wav,10.9,
pair_00757,data/clean/LibriSpeech\dev-clean\6319\64726\6319-64726-0017.wav,impulsive,data/clean/SESA\train\explosion_177.wav,2.5,1.406
pair_00758,data/clean/LibriSpeech\dev-clean\6295\64301\6295-64301-0030.wav,impulsive,data/clean/SESA\train\explosion_138.wav,9.06,1.7070625
pair_00759,data/clean/LibriSpeech\dev-clean\7976\105575\7976-105575-0013.wav,mixed,data/clean/musan/noise\free-sound\noise-free-sound-0291.wav + data/clean/SESA\train\siren_061.wav,0.23,1.3073125
pair_00760,data/clean/LibriSpeech\dev-clean\3170\137482\3170-137482-0040.wav,impulsive,data/clean/SESA\train\explosion_161.wav,3.55,0.2965
pair_00761,data/clean/LibriSpeech\dev-clean\2086\149220\2086-149220-0047.wav,mixed,data/clean/musan/noise\free-sound\noise-free-sound-0682.wav + data/clean/SESA\train\gunshot_004.wav,4.64,0.1788125
pair_00762,data/clean/LibriSpeech\dev-clean\174\50561\174-50561-0011.wav,mixed,data/clean/musan/noise\free-sound\noise-free-sound-0061.wav + data/clean/SESA\train\explosion_033.wav,-2.08,0.8119375
pair_00763,data/clean/LibriSpeech\dev-clean\84\121123\84-121123-0004.wav,stationary,data/clean/musan/noise\free-sound\noise-free-sound-0291.wav,3.82,
pair_00764,data/clean/LibriSpeech\dev-clean\3536\8226\3536-8226-0032.wav,impulsive,data/clean/SESA\train\explosion_004.wav,3.68,1.88475
pair_00765,data/clean/LibriSpeech\dev-clean\2035\152373\2035-152373-0003.wav,impulsive,data/clean/SESA\train\gunshot_005.wav,2.14,3.04925
pair_00766,data/clean/LibriSpeech\dev-clean\84\121550\84-121550-0020.wav,mixed,data/clean/musan/noise\free-sound\noise-free-sound-0836.wav + data/clean/SESA\train\explosion_039.wav,-4.15,1.2619375
pair_00767,data/clean/LibriSpeech\dev-clean\777\126732\777-126732-0025.wav,nonstationary,data/clean/musan/music\fma\music-fma-0042.wav,-0.84,
pair_00768,data/clean/LibriSpeech\dev-clean\174\84280\174-84280-0006.wav,mixed,data/clean/musan/noise\free-sound\noise-free-sound-0320.wav + data/clean/SESA\test\explosion_079.wav,-1.42,0.6625625
pair_00769,data/clean/LibriSpeech\dev-clean\251\118436\251-118436-0014.wav,impulsive,data/clean/SESA\train\gunshot_090.wav,7.6,1.856625
pair_00770,data/clean/LibriSpeech\dev-clean\251\136532\251-136532-0023.wav,mixed,data/clean/musan/noise\free-sound\noise-free-sound-0486.wav + data/clean/SESA\train\explosion_070.wav,1.35,0.1595
pair_00771,data/clean/LibriSpeech\dev-clean\5895\34629\5895-34629-0020.wav,impulsive,data/clean/SESA\test\explosion_031.wav,5.83,0.0506875
pair_00772,data/clean/LibriSpeech\dev-clean\2086\149220\2086-149220-0021.wav,impulsive,data/clean/SESA\train\siren_031.wav,7.59,1.500875
pair_00773,data/clean/LibriSpeech\dev-clean\8297\275155\8297-275155-0018.wav,nonstationary,data/clean/musan/music\fma\music-fma-0105.wav,12.65,
pair_00774,data/clean/LibriSpeech\dev-clean\5694\64038\5694-64038-0013.wav,impulsive,data/clean/SESA\train\explosion_047.wav,9.98,0.61375
pair_00775,data/clean/LibriSpeech\dev-clean\2035\152373\2035-152373-0002.wav,mixed,data/clean/musan/noise\free-sound\noise-free-sound-0447.wav + data/clean/SESA\train\explosion_018.wav,14.71,0.675875
pair_00776,data/clean/LibriSpeech\dev-clean\2035\147960\2035-147960-0004.wav,nonstationary,data/clean/musan/music\hd-classical\music-hd-0055.wav,7.04,
pair_00777,data/clean/LibriSpeech\dev-clean\777\126732\777-126732-0062.wav,mixed,data/clean/musan/noise\free-sound\noise-free-sound-0012.wav + data/clean/SESA\test\explosion_013.wav,12.64,0.4673125
pair_00778,data/clean/LibriSpeech\dev-clean\6313\66125\6313-66125-0021.wav,impulsive,data/clean/SESA\train\gunshot_025.wav,13.05,0.02975
pair_00779,data/clean/LibriSpeech\dev-clean\5694\64025\5694-64025-0021.wav,nonstationary,data/clean/musan/music\fma-western-art\music-fma-wa-0065.wav,14.43,
pair_00780,data/clean/LibriSpeech\dev-clean\1462\170145\1462-170145-0014.wav,mixed,data/clean/musan/noise\free-sound\noise-free-sound-0485.wav + data/clean/SESA\train\siren_029.wav,6.79,1.4690625
pair_00781,data/clean/LibriSpeech\dev-clean\3000\15664\3000-15664-0014.wav,nonstationary,data/clean/musan/music\fma-western-art\music-fma-wa-0077.wav,8.67,
pair_00782,data/clean/LibriSpeech\dev-clean\7850\286674\7850-286674-0009.wav,mixed,data/clean/musan/noise\free-sound\noise-free-sound-0043.wav + data/clean/SESA\train\explosion_179.wav,-2.66,3.6070625
pair_00783,data/clean/LibriSpeech\dev-clean\7976\110523\7976-110523-0004.wav,nonstationary,data/clean/musan/music\fma\music-fma-0107.wav,5.16,
pair_00784,data/clean/LibriSpeech\dev-clean\3853\163249\3853-163249-0037.wav,mixed,data/clean/musan/noise\free-sound\noise-free-sound-0543.wav + data/clean/SESA\train\explosion_176.wav,2.05,1.6811875
pair_00785,data/clean/LibriSpeech\dev-clean\6295\244435\6295-244435-0015.wav,impulsive,data/clean/SESA\train\explosion_130.wav,3.88,0.5395625
pair_00786,data/clean/LibriSpeech\dev-clean\3536\23268\3536-23268-0006.wav,impulsive,data/clean/SESA\train\gunshot_058.wav,7.35,1.4406875
pair_00787,data/clean/LibriSpeech\dev-clean\6319\64726\6319-64726-0019.wav,stationary,data/clean/musan/noise\free-sound\noise-free-sound-0257.wav,14.85,
pair_00788,data/clean/LibriSpeech\dev-clean\2035\147961\2035-147961-0007.wav,mixed,data/clean/musan/noise\free-sound\noise-free-sound-0198.wav + data/clean/SESA\train\explosion_200.wav,6.52,0.33425
pair_00789,data/clean/LibriSpeech\dev-clean\2035\147961\2035-147961-0004.wav,impulsive,data/clean/SESA\train\gunshot_079.wav,9.99,2.0723125
pair_00790,data/clean/LibriSpeech\dev-clean\5694\64038\5694-64038-0018.wav,mixed,data/clean/musan/noise\sound-bible\noise-sound-bible-0082.wav + data/clean/SESA\train\explosion_201.wav,0.98,4.3845
pair_00791,data/clean/LibriSpeech\dev-clean\7976\110124\7976-110124-0010.wav,nonstationary,data/clean/musan/music\fma\music-fma-0067.wav,-0.69,
pair_00792,data/clean/LibriSpeech\dev-clean\2412\153954\2412-153954-0006.wav,mixed,data/clean/musan/noise\free-sound\noise-free-sound-0542.wav + data/clean/SESA\test\explosion_108.wav,10.29,5.5166875
pair_00793,data/clean/LibriSpeech\dev-clean\3853\163249\3853-163249-0009.wav,mixed,data/clean/musan/noise\free-sound\noise-free-sound-0208.wav + data/clean/SESA\train\gunshot_068.wav,-3.5,1.4050625
pair_00794,data/clean/LibriSpeech\dev-clean\3752\4943\3752-4943-0028.wav,impulsive,data/clean/SESA\train\gunshot_055.wav,9.8,1.3534375
pair_00795,data/clean/LibriSpeech\dev-clean\6319\275224\6319-275224-0005.wav,mixed,data/clean/musan/noise\free-sound\noise-free-sound-0487.wav + data/clean/SESA\train\explosion_083.wav,-2.98,2.941375
pair_00796,data/clean/LibriSpeech\dev-clean\3576\138058\3576-138058-0012.wav,impulsive,data/clean/SESA\train\explosion_091.wav,-1.69,1.3618125
pair_00797,data/clean/LibriSpeech\dev-clean\3536\8226\3536-8226-0015.wav,nonstationary,data/clean/musan/music\jamendo\music-jamendo-0088.wav,14.9,
pair_00798,data/clean/LibriSpeech\dev-clean\1988\24833\1988-24833-0017.wav,stationary,data/clean/musan/noise\free-sound\noise-free-sound-0119.wav,-0.51,
pair_00799,data/clean/LibriSpeech\dev-clean\6295\244435\6295-244435-0009.wav,mixed,data/clean/musan/noise\free-sound\noise-free-sound-0596.wav + data/clean/SESA\train\siren_076.wav,1.59,4.406625
pair_00800,data/clean/LibriSpeech\dev-clean\1272\141231\1272-141231-0018.wav,nonstationary,data/clean/musan/music\rfm\music-rfm-0012.wav,10.87,
pair_00801,data/clean/LibriSpeech\dev-clean\2277\149874\2277-149874-0016.wav,stationary,data/clean/musan/noise\free-sound\noise-free-sound-0780.wav,3.3,
pair_00802,data/clean/LibriSpeech\dev-clean\2428\83705\2428-83705-0006.wav,nonstationary,data/clean/musan/music\fma\music-fma-0086.wav,11.55,
pair_00803,data/clean/LibriSpeech\dev-clean\2803\161169\2803-161169-0008.wav,stationary,data/clean/musan/noise\free-sound\noise-free-sound-0781.wav,2.38,
pair_00804,data/clean/LibriSpeech\dev-clean\5895\34629\5895-34629-0027.wav,impulsive,data/clean/SESA\test\gunshot_041.wav,9.5,1.314875
pair_00805,data/clean/LibriSpeech\dev-clean\6313\66125\6313-66125-0026.wav,impulsive,data/clean/SESA\train\gunshot_001.wav,6.47,0.9711875
pair_00806,data/clean/LibriSpeech\dev-clean\2902\9006\2902-9006-0008.wav,mixed,data/clean/musan/noise\free-sound\noise-free-sound-0752.wav + data/clean/SESA\train\siren_070.wav,3.36,1.9068125
pair_00807,data/clean/LibriSpeech\dev-clean\422\122949\422-122949-0003.wav,nonstationary,data/clean/musan/music\jamendo\music-jamendo-0176.wav,12.47,
pair_00808,data/clean/LibriSpeech\dev-clean\2035\147960\2035-147960-0008.wav,nonstationary,data/clean/musan/music\fma\music-fma-0106.wav,-0.44,
pair_00809,data/clean/LibriSpeech\dev-clean\3081\166546\3081-166546-0034.wav,impulsive,data/clean/SESA\train\gunshot_029.wav,6.64,2.1569375
pair_00810,data/clean/LibriSpeech\dev-clean\1993\147965\1993-147965-0003.wav,stationary,data/clean/musan/noise\free-sound\noise-free-sound-0490.wav,5.03,
pair_00811,data/clean/LibriSpeech\dev-clean\2086\149220\2086-149220-0013.wav,nonstationary,data/clean/musan/music\rfm\music-rfm-0026.wav,8.81,
pair_00812,data/clean/LibriSpeech\dev-clean\3752\4943\3752-4943-0029.wav,nonstationary,data/clean/musan/music\jamendo\music-jamendo-0037.wav,13.14,
pair_00813,data/clean/LibriSpeech\dev-clean\3853\163249\3853-163249-0022.wav,mixed,data/clean/musan/noise\free-sound\noise-free-sound-0500.wav + data/clean/SESA\train\gunshot_081.wav,1.98,0.5476875
pair_00814,data/clean/LibriSpeech\dev-clean\5895\34615\5895-34615-0007.wav,impulsive,data/clean/SESA\train\gunshot_067.wav,-1.57,3.339
pair_00815,data/clean/LibriSpeech\dev-clean\1462\170145\1462-170145-0011.wav,stationary,data/clean/musan/noise\free-sound\noise-free-sound-0106.wav,11.26,
pair_00816,data/clean/LibriSpeech\dev-clean\5536\43358\5536-43358-0014.wav,nonstationary,data/clean/musan/music\rfm\music-rfm-0006.wav,6.41,
pair_00817,data/clean/LibriSpeech\dev-clean\2035\147961\2035-147961-0025.wav,stationary,data/clean/musan/noise\free-sound\noise-free-sound-0430.wav,1.27,
pair_00818,data/clean/LibriSpeech\dev-clean\6345\93302\6345-93302-0019.wav,impulsive,data/clean/SESA\train\siren_063.wav,3.84,0.0228125
pair_00819,data/clean/LibriSpeech\dev-clean\2412\153954\2412-153954-0018.wav,mixed,data/clean/musan/noise\free-sound\noise-free-sound-0729.wav + data/clean/SESA\train\explosion_197.wav,3.49,3.517625
pair_00820,data/clean/LibriSpeech\dev-clean\2428\83705\2428-83705-0042.wav,impulsive,data/clean/SESA\train\explosion_023.wav,11.02,0.439875
pair_00821,data/clean/LibriSpeech\dev-clean\6241\61946\6241-61946-0010.wav,nonstationary,data/clean/musan/music\fma\music-fma-0075.wav,5.45,
pair_00822,data/clean/LibriSpeech\dev-clean\8297\275155\8297-275155-0003.wav,mixed,data/clean/musan/noise\sound-bible\noise-sound-bible-0038.wav + data/clean/SESA\train\gunshot_030.wav,4.82,0.9013125
pair_00823,data/clean/LibriSpeech\dev-clean\1673\143396\1673-143396-0011.wav,stationary,data/clean/musan/noise\sound-bible\noise-sound-bible-0047.wav,1.03,
pair_00824,data/clean/LibriSpeech\dev-clean\3536\8226\3536-8226-0017.wav,nonstationary,data/clean/musan/music\rfm\music-rfm-0098.wav,11.52,
pair_00825,data/clean/LibriSpeech\dev-clean\5895\34615\5895-34615-0011.wav,mixed,data/clean/musan/noise\free-sound\noise-free-sound-0275.wav + data/clean/SESA\train\explosion_033.wav,7.07,0.9375625
pair_00826,data/clean/LibriSpeech\dev-clean\1462\170138\1462-170138-0024.wav,nonstationary,data/clean/musan/music\jamendo\music-jamendo-0110.wav,0.62,
pair_00827,data/clean/LibriSpeech\dev-clean\3752\4943\3752-4943-0023.wav,nonstationary,data/clean/musan/music\hd-classical\music-hd-0020.wav,5.94,
pair_00828,data/clean/LibriSpeech\dev-clean\2412\153947\2412-153947-0007.wav,mixed,data/clean/musan/noise\free-sound\noise-free-sound-0288.wav + data/clean/SESA\train\siren_012.wav,-3.89,0.5108125
pair_00829,data/clean/LibriSpeech\dev-clean\84\121123\84-121123-0009.wav,stationary,data/clean/musan/noise\sound-bible\noise-sound-bible-0024.wav,6.54,
pair_00830,data/clean/LibriSpeech\dev-clean\6319\275224\6319-275224-0000.wav,mixed,data/clean/musan/noise\free-sound\noise-free-sound-0269.wav + data/clean/SESA\train\gunshot_051.wav,10.53,0.0455
pair_00831,data/clean/LibriSpeech\dev-clean\2803\154328\2803-154328-0007.wav,stationary,data/clean/musan/noise\free-sound\noise-free-sound-0262.wav,1.36,
pair_00832,data/clean/LibriSpeech\dev-clean\8842\302201\8842-302201-0004.wav,nonstationary,data/clean/musan/music\jamendo\music-jamendo-0005.wav,5.21,
pair_00833,data/clean/LibriSpeech\dev-clean\2277\149897\2277-149897-0000.wav,mixed,data/clean/musan/noise\free-sound\noise-free-sound-0272.wav + data/clean/SESA\train\siren_046.wav,2.38,1.733125
pair_00834,data/clean/LibriSpeech\dev-clean\1988\147956\1988-147956-0018.wav,stationary,data/clean/musan/noise\free-sound\noise-free-sound-0588.wav,6.97,
pair_00835,data/clean/LibriSpeech\dev-clean\2412\153948\2412-153948-0015.wav,mixed,data/clean/musan/noise\free-sound\noise-free-sound-0215.wav + data/clean/SESA\train\explosion_010.wav,14.19,0.5220625
pair_00836,data/clean/LibriSpeech\dev-clean\7976\105575\7976-105575-0028.wav,stationary,data/clean/musan/noise\free-sound\noise-free-sound-0014.wav,11.55,
pair_00837,data/clean/LibriSpeech\dev-clean\5694\64029\5694-64029-0006.wav,nonstationary,data/clean/musan/music\jamendo\music-jamendo-0201.wav,4.16,
pair_00838,data/clean/LibriSpeech\dev-clean\1462\170142\1462-170142-0005.wav,impulsive,data/clean/SESA\test\siren_102.wav,9.57,6.579625
pair_00839,data/clean/LibriSpeech\dev-clean\2277\149897\2277-149897-0019.wav,stationary,data/clean/musan/noise\free-sound\noise-free-sound-0814.wav,4.92,
pair_00840,data/clean/LibriSpeech\dev-clean\1462\170138\1462-170138-0024.wav,stationary,data/clean/musan/noise\free-sound\noise-free-sound-0443.wav,11.0,
pair_00841,data/clean/LibriSpeech\dev-clean\6295\244435\6295-244435-0017.wav,impulsive,data/clean/SESA\test\gunshot_032.wav,2.17,1.889
pair_00842,data/clean/LibriSpeech\dev-clean\8297\275154\8297-275154-0004.wav,impulsive,data/clean/SESA\train\explosion_138.wav,12.39,2.962
pair_00843,data/clean/LibriSpeech\dev-clean\777\126732\777-126732-0014.wav,nonstationary,data/clean/musan/music\fma-western-art\music-fma-wa-0013.wav,0.03,
pair_00844,data/clean/LibriSpeech\dev-clean\6295\64301\6295-64301-0022.wav,mixed,data/clean/musan/noise\sound-bible\noise-sound-bible-0030.wav + data/clean/SESA\train\gunshot_023.wav,10.07,7.4080625
pair_00845,data/clean/LibriSpeech\dev-clean\652\130737\652-130737-0011.wav,impulsive,data/clean/SESA\train\gunshot_008.wav,10.98,1.3159375
pair_00846,data/clean/LibriSpeech\dev-clean\1919\142785\1919-142785-0004.wav,impulsive,data/clean/SESA\train\explosion_149.wav,8.63,0.22925
pair_00847,data/clean/LibriSpeech\dev-clean\3536\8226\3536-8226-0019.wav,nonstationary,data/clean/musan/music\fma-western-art\music-fma-wa-0026.wav,-3.13,
pair_00848,data/clean/LibriSpeech\dev-clean\3576\138058\3576-138058-0007.wav,stationary,data/clean/musan/noise\free-sound\noise-free-sound-0266.wav,13.07,
pair_00849,data/clean/LibriSpeech\dev-clean\2277\149896\2277-149896-0034.wav,impulsive,data/clean/SESA\train\gunshot_094.wav,6.53,0.7603125
pair_00850,data/clean/LibriSpeech\dev-clean\5895\34629\5895-34629-0010.wav,stationary,data/clean/musan/noise\free-sound\noise-free-sound-0384.wav,4.81,
pair_00851,data/clean/LibriSpeech\dev-clean\1993\147965\1993-147965-0001.wav,impulsive,data/clean/SESA\train\gunshot_024.wav,12.43,1.171125
pair_00852,data/clean/LibriSpeech\dev-clean\1919\142785\1919-142785-0020.wav,mixed,data/clean/musan/noise\free-sound\noise-free-sound-0054.wav + data/clean/SESA\test\siren_102.wav,14.15,3.9385625
pair_00853,data/clean/LibriSpeech\dev-clean\652\130726\652-130726-0003.wav,stationary,data/clean/musan/noise\free-sound\noise-free-sound-0831.wav,-2.66,
pair_00854,data/clean/LibriSpeech\dev-clean\1988\24833\1988-24833-0022.wav,mixed,data/clean/musan/noise\free-sound\noise-free-sound-0575.wav + data/clean/SESA\train\explosion_132.wav,-0.81,0.23425
pair_00855,data/clean/LibriSpeech\dev-clean\5895\34629\5895-34629-0018.wav,mixed,data/clean/musan/noise\free-sound\noise-free-sound-0418.wav + data/clean/SESA\train\siren_028.wav,14.87,1.801375
pair_00856,data/clean/LibriSpeech\dev-clean\2902\9006\2902-9006-0012.wav,stationary,data/clean/musan/noise\free-sound\noise-free-sound-0172.wav,10.57,
pair_00857,data/clean/LibriSpeech\dev-clean\1272\141231\1272-141231-0009.wav,impulsive,data/clean/SESA\train\explosion_158.wav,7.45,0.468
pair_00858,data/clean/LibriSpeech\dev-clean\652\130726\652-130726-0027.wav,stationary,data/clean/musan/noise\free-sound\noise-free-sound-0752.wav,13.22,
pair_00859,data/clean/LibriSpeech\dev-clean\84\121550\84-121550-0027.wav,impulsive,data/clean/SESA\train\explosion_110.wav,1.22,0.99575
pair_00860,data/clean/LibriSpeech\dev-clean\1993\147966\1993-147966-0003.wav,nonstationary,data/clean/musan/music\rfm\music-rfm-0140.wav,0.76,
pair_00861,data/clean/LibriSpeech\dev-clean\3081\166546\3081-166546-0048.wav,nonstationary,data/clean/musan/music\rfm\music-rfm-0022.wav,-2.17,
pair_00862,data/clean/LibriSpeech\dev-clean\3752\4944\3752-4944-0042.wav,mixed,data/clean/musan/noise\free-sound\noise-free-sound-0796.wav + data/clean/SESA\train\explosion_039.wav,-1.38,0.814875
pair_00863,data/clean/LibriSpeech\dev-clean\7976\110124\7976-110124-0020.wav,nonstationary,data/clean/musan/music\jamendo\music-jamendo-0109.wav,4.95,
pair_00864,data/clean/LibriSpeech\dev-clean\2277\149897\2277-149897-0033.wav,stationary,data/clean/musan/noise\free-sound\noise-free-sound-0732.wav,3.92,
pair_00865,data/clean/LibriSpeech\dev-clean\2428\83705\2428-83705-0010.wav,nonstationary,data/clean/musan/music\hd-classical\music-hd-0055.wav,-2.46,
pair_00866,data/clean/LibriSpeech\dev-clean\6345\93306\6345-93306-0023.wav,nonstationary,data/clean/musan/music\rfm\music-rfm-0016.wav,7.72,
pair_00867,data/clean/LibriSpeech\dev-clean\3000\15664\3000-15664-0019.wav,stationary,data/clean/musan/noise\free-sound\noise-free-sound-0812.wav,1.44,
pair_00868,data/clean/LibriSpeech\dev-clean\777\126732\777-126732-0075.wav,impulsive,data/clean/SESA\test\explosion_085.wav,14.18,0.8285
pair_00869,data/clean/LibriSpeech\dev-clean\3853\163249\3853-163249-0036.wav,impulsive,data/clean/SESA\train\siren_076.wav,-2.81,2.2775
pair_00870,data/clean/LibriSpeech\dev-clean\6345\93306\6345-93306-0009.wav,mixed,data/clean/musan/noise\free-sound\noise-free-sound-0371.wav + data/clean/SESA\train\siren_067.wav,8.43,1.2668125
pair_00871,data/clean/LibriSpeech\dev-clean\251\118436\251-118436-0011.wav,mixed,data/clean/musan/noise\free-sound\noise-free-sound-0185.wav + data/clean/SESA\train\gunshot_042.wav,12.73,0.5296875
pair_00872,data/clean/LibriSpeech\dev-clean\3170\137482\3170-137482-0038.wav,mixed,data/clean/musan/noise\free-sound\noise-free-sound-0044.wav + data/clean/SESA\train\explosion_032.wav,3.37,8.8605625
pair_00873,data/clean/LibriSpeech\dev-clean\5895\34629\5895-34629-0004.wav,impulsive,data/clean/SESA\train\gunshot_011.wav,-3.68,0.144125
pair_00874,data/clean/LibriSpeech\dev-clean\1919\142785\1919-142785-0063.wav,stationary,data/clean/musan/noise\free-sound\noise-free-sound-0070.wav,6.2,
pair_00875,data/clean/LibriSpeech\dev-clean\3536\23268\3536-23268-0027.wav,nonstationary,data/clean/musan/music\rfm\music-rfm-0006.wav,8.91,
pair_00876,data/clean/LibriSpeech\dev-clean\1272\135031\1272-135031-0013.wav,impulsive,data/clean/SESA\train\explosion_166.wav,7.85,0.1076875
pair_00877,data/clean/LibriSpeech\dev-clean\6345\93306\6345-93306-0024.wav,stationary,data/clean/musan/noise\free-sound\noise-free-sound-0513.wav,11.26,
pair_00878,data/clean/LibriSpeech\dev-clean\5338\284437\5338-284437-0030.wav,stationary,data/clean/musan/noise\free-sound\noise-free-sound-0796.wav,6.88,
pair_00879,data/clean/LibriSpeech\dev-clean\5338\24640\5338-24640-0007.wav,stationary,data/clean/musan/noise\free-sound\noise-free-sound-0079.wav,-1.42,
pair_00880,data/clean/LibriSpeech\dev-clean\6345\64257\6345-64257-0005.wav,stationary,data/clean/musan/noise\free-sound\noise-free-sound-0382.wav,9.05,
pair_00881,data/clean/LibriSpeech\dev-clean\6345\93302\6345-93302-0011.wav,impulsive,data/clean/SESA\train\gunshot_086.wav,-3.14,0.2806875
pair_00882,data/clean/LibriSpeech\dev-clean\6241\61943\6241-61943-0018.wav,stationary,data/clean/musan/noise\free-sound\noise-free-sound-0697.wav,7.59,
pair_00883,data/clean/LibriSpeech\dev-clean\7850\281318\7850-281318-0005.wav,stationary,data/clean/musan/noise\free-sound\noise-free-sound-0022.wav,14.52,
pair_00884,data/clean/LibriSpeech\dev-clean\8842\302201\8842-302201-0000.wav,stationary,data/clean/musan/noise\free-sound\noise-free-sound-0128.wav,1.1,
pair_00885,data/clean/LibriSpeech\dev-clean\1462\170145\1462-170145-0000.wav,nonstationary,data/clean/musan/music\jamendo\music-jamendo-0091.wav,8.38,
pair_00886,data/clean/LibriSpeech\dev-clean\6313\66125\6313-66125-0002.wav,stationary,data/clean/musan/noise\free-sound\noise-free-sound-0288.wav,14.56,
pair_00887,data/clean/LibriSpeech\dev-clean\6313\66125\6313-66125-0020.wav,stationary,data/clean/musan/noise\free-sound\noise-free-sound-0747.wav,9.29,
pair_00888,data/clean/LibriSpeech\dev-clean\1462\170145\1462-170145-0013.wav,mixed,data/clean/musan/noise\sound-bible\noise-sound-bible-0006.wav + data/clean/SESA\train\gunshot_022.wav,3.99,2.6273125
pair_00889,data/clean/LibriSpeech\dev-clean\3081\166546\3081-166546-0071.wav,impulsive,data/clean/SESA\test\explosion_067.wav,5.46,0.2413125
pair_00890,data/clean/LibriSpeech\dev-clean\2277\149874\2277-149874-0010.wav,impulsive,data/clean/SESA\train\explosion_055.wav,7.52,1.23275
pair_00891,data/clean/LibriSpeech\dev-clean\3536\23268\3536-23268-0002.wav,mixed,data/clean/musan/noise\free-sound\noise-free-sound-0390.wav + data/clean/SESA\train\explosion_019.wav,12.88,3.2305
pair_00892,data/clean/LibriSpeech\dev-clean\1462\170145\1462-170145-0001.wav,stationary,data/clean/musan/noise\free-sound\noise-free-sound-0305.wav,13.5,
pair_00893,data/clean/LibriSpeech\dev-clean\3000\15664\3000-15664-0022.wav,mixed,data/clean/musan/noise\free-sound\noise-free-sound-0427.wav + data/clean/SESA\train\explosion_127.wav,12.3,0.2784375
pair_00894,data/clean/LibriSpeech\dev-clean\2078\142845\2078-142845-0029.wav,mixed,data/clean/musan/noise\free-sound\noise-free-sound-0173.wav + data/clean/SESA\train\siren_016.wav,12.88,1.132
pair_00895,data/clean/LibriSpeech\dev-clean\1988\147956\1988-147956-0015.wav,stationary,data/clean/musan/noise\free-sound\noise-free-sound-0457.wav,12.28,
pair_00896,data/clean/LibriSpeech\dev-clean\174\84280\174-84280-0002.wav,mixed,data/clean/musan/noise\free-sound\noise-free-sound-0578.wav + data/clean/SESA\train\explosion_050.wav,9.1,2.9123125
pair_00897,data/clean/LibriSpeech\dev-clean\3000\15664\3000-15664-0032.wav,stationary,data/clean/musan/noise\free-sound\noise-free-sound-0222.wav,9.54,
pair_00898,data/clean/LibriSpeech\dev-clean\1988\147956\1988-147956-0001.wav,impulsive,data/clean/SESA\train\explosion_011.wav,9.55,5.06825
pair_00899,data/clean/LibriSpeech\dev-clean\2803\161169\2803-161169-0013.wav,mixed,data/clean/musan/noise\free-sound\noise-free-sound-0137.wav + data/clean/SESA\test\gunshot_027.wav,7.88,2.26575
pair_00900,data/clean/LibriSpeech\dev-clean\5338\284437\5338-284437-0007.wav,impulsive,data/clean/SESA\test\explosion_034.wav,13.41,0.368875
pair_00901,data/clean/LibriSpeech\dev-clean\777\126732\777-126732-0030.wav,mixed,data/clean/musan/noise\free-sound\noise-free-sound-0786.wav + data/clean/SESA\train\explosion_056.wav,2.94,2.02475
pair_00902,data/clean/LibriSpeech\dev-clean\3853\163249\3853-163249-0000.wav,mixed,data/clean/musan/noise\free-sound\noise-free-sound-0079.wav + data/clean/SESA\train\explosion_032.wav,4.69,4.584375
pair_00903,data/clean/LibriSpeech\dev-clean\2277\149896\2277-149896-0016.wav,impulsive,data/clean/SESA\train\explosion_143.wav,9.52,1.191875
pair_00904,data/clean/LibriSpeech\dev-clean\2035\152373\2035-152373-0010.wav,mixed,data/clean/musan/noise\free-sound\noise-free-sound-0276.wav + data/clean/SESA\train\siren_005.wav,-1.55,0.06125
pair_00905,data/clean/LibriSpeech\dev-clean\777\126732\777-126732-0073.wav,mixed,data/clean/musan/noise\free-sound\noise-free-sound-0360.wav + data/clean/SESA\train\siren_070.wav,5.65,1.779
pair_00906,data/clean/LibriSpeech\dev-clean\2428\83705\2428-83705-0017.wav,mixed,data/clean/musan/noise\free-sound\noise-free-sound-0002.wav + data/clean/SESA\train\siren_072.wav,8.81,0.51175
pair_00907,data/clean/LibriSpeech\dev-clean\5694\64029\5694-64029-0026.wav,stationary,data/clean/musan/noise\free-sound\noise-free-sound-0529.wav,-2.4,
pair_00908,data/clean/LibriSpeech\dev-clean\5895\34622\5895-34622-0001.wav,nonstationary,data/clean/musan/music\fma-western-art\music-fma-wa-0042.wav,14.83,
pair_00909,data/clean/LibriSpeech\dev-clean\1919\142785\1919-142785-0033.wav,nonstationary,data/clean/musan/music\fma\music-fma-0013.wav,7.09,
pair_00910,data/clean/LibriSpeech\dev-clean\3081\166546\3081-166546-0059.wav,mixed,data/clean/musan/noise\free-sound\noise-free-sound-0171.wav + data/clean/SESA\train\explosion_121.wav,3.25,0.7948125
pair_00911,data/clean/LibriSpeech\dev-clean\1272\135031\1272-135031-0019.wav,nonstationary,data/clean/musan/music\rfm\music-rfm-0032.wav,-1.47,
pair_00912,data/clean/LibriSpeech\dev-clean\6313\66129\6313-66129-0019.wav,nonstationary,data/clean/musan/music\jamendo\music-jamendo-0075.wav,-2.55,
pair_00913,data/clean/LibriSpeech\dev-clean\422\122949\422-122949-0021.wav,nonstationary,data/clean/musan/music\jamendo\music-jamendo-0199.wav,4.45,
pair_00914,data/clean/LibriSpeech\dev-clean\8297\275154\8297-275154-0007.wav,stationary,data/clean/musan/noise\free-sound\noise-free-sound-0445.wav,7.39,
pair_00915,data/clean/LibriSpeech\dev-clean\1919\142785\1919-142785-0039.wav,stationary,data/clean/musan/noise\free-sound\noise-free-sound-0222.wav,1.67,
pair_00916,data/clean/LibriSpeech\dev-clean\6295\244435\6295-244435-0031.wav,impulsive,data/clean/SESA\test\gunshot_026.wav,0.64,1.17275
pair_00917,data/clean/LibriSpeech\dev-clean\174\168635\174-168635-0007.wav,mixed,data/clean/musan/noise\free-sound\noise-free-sound-0285.wav + data/clean/SESA\test\explosion_088.wav,11.99,2.7686875
pair_00918,data/clean/LibriSpeech\dev-clean\8297\275154\8297-275154-0023.wav,nonstationary,data/clean/musan/music\fma\music-fma-0065.wav,10.06,
pair_00919,data/clean/LibriSpeech\dev-clean\5536\43363\5536-43363-0003.wav,impulsive,data/clean/SESA\train\siren_009.wav,-0.99,4.2944375
pair_00920,data/clean/LibriSpeech\dev-clean\174\84280\174-84280-0004.wav,mixed,data/clean/musan/noise\sound-bible\noise-sound-bible-0032.wav + data/clean/SESA\train\gunshot_053.wav,11.42,12.1263125
pair_00921,data/clean/LibriSpeech\dev-clean\5536\43358\5536-43358-0001.wav,stationary,data/clean/musan/noise\free-sound\noise-free-sound-0201.wav,3.73,
pair_00922,data/clean/LibriSpeech\dev-clean\3576\138058\3576-138058-0020.wav,mixed,data/clean/musan/noise\free-sound\noise-free-sound-0839.wav + data/clean/SESA\test\explosion_199.wav,10.0,3.770875
pair_00923,data/clean/LibriSpeech\dev-clean\3170\137482\3170-137482-0020.wav,mixed,data/clean/musan/noise\free-sound\noise-free-sound-0387.wav + data/clean/SESA\test\gunshot_027.wav,11.75,2.819
pair_00924,data/clean/LibriSpeech\dev-clean\3853\163249\3853-163249-0015.wav,nonstationary,data/clean/musan/music\jamendo\music-jamendo-0082.wav,-3.15,
pair_00925,data/clean/LibriSpeech\dev-clean\3752\4944\3752-4944-0030.wav,impulsive,data/clean/SESA\train\explosion_083.wav,6.3,0.8825625
pair_00926,data/clean/LibriSpeech\dev-clean\1993\147964\1993-147964-0009.wav,stationary,data/clean/musan/noise\sound-bible\noise-sound-bible-0003.wav,1.23,
pair_00927,data/clean/LibriSpeech\dev-clean\7976\105575\7976-105575-0025.wav,impulsive,data/clean/SESA\train\siren_063.wav,-0.49,2.0160625
pair_00928,data/clean/LibriSpeech\dev-clean\3752\4944\3752-4944-0033.wav,nonstationary,data/clean/musan/music\fma\music-fma-0118.wav,8.17,
pair_00929,data/clean/LibriSpeech\dev-clean\2803\161169\2803-161169-0007.wav,nonstationary,data/clean/musan/music\fma-western-art\music-fma-wa-0042.wav,0.89,
pair_00930,data/clean/LibriSpeech\dev-clean\5536\43358\5536-43358-0013.wav,nonstationary,data/clean/musan/music\rfm\music-rfm-0065.wav,-2.91,
pair_00931,data/clean/LibriSpeech\dev-clean\7976\105575\7976-105575-0012.wav,impulsive,data/clean/SESA\train\explosion_105.wav,8.92,0.256875
pair_00932,data/clean/LibriSpeech\dev-clean\3576\138058\3576-138058-0016.wav,mixed,data/clean/musan/noise\free-sound\noise-free-sound-0466.wav + data/clean/SESA\test\explosion_195.wav,8.05,7.99225
pair_00933,data/clean/LibriSpeech\dev-clean\3081\166546\3081-166546-0008.wav,impulsive,data/clean/SESA\train\explosion_061.wav,9.67,0.0626875
pair_00934,data/clean/LibriSpeech\dev-clean\5338\24640\5338-24640-0006.wav,impulsive,data/clean/SESA\train\explosion_030.wav,-3.87,3.5224375
pair_00935,data/clean/LibriSpeech\dev-clean\5536\43359\5536-43359-0004.wav,impulsive,data/clean/SESA\train\explosion_099.wav,3.97,1.06625
pair_00936,data/clean/LibriSpeech\dev-clean\251\136532\251-136532-0006.wav,nonstationary,data/clean/musan/music\jamendo\music-jamendo-0083.wav,5.95,
pair_00937,data/clean/LibriSpeech\dev-clean\7850\73752\7850-73752-0002.wav,nonstationary,data/clean/musan/music\fma-western-art\music-fma-wa-0032.wav,12.1,
pair_00938,data/clean/LibriSpeech\dev-clean\2803\154328\2803-154328-0012.wav,mixed,data/clean/musan/noise\sound-bible\noise-sound-bible-0027.wav + data/clean/SESA\train\siren_067.wav,11.22,0.098625
pair_00939,data/clean/LibriSpeech\dev-clean\3536\8226\3536-8226-0028.wav,impulsive,data/clean/SESA\test\explosion_191.wav,14.4,0.8580625
pair_00940,data/clean/LibriSpeech\dev-clean\1462\170138\1462-170138-0022.wav,nonstationary,data/clean/musan/music\hd-classical\music-hd-0024.wav,7.08,
pair_00941,data/clean/LibriSpeech\dev-clean\6295\244435\6295-244435-0002.wav,impulsive,data/clean/SESA\train\explosion_005.wav,2.85,0.683125
pair_00942,data/clean/LibriSpeech\dev-clean\6345\93302\6345-93302-0011.wav,stationary,data/clean/musan/noise\free-sound\noise-free-sound-0566.wav,5.09,
pair_00943,data/clean/LibriSpeech\dev-clean\1919\142785\1919-142785-0061.wav,stationary,data/clean/musan/noise\free-sound\noise-free-sound-0222.wav,7.73,
pair_00944,data/clean/LibriSpeech\dev-clean\3536\23268\3536-23268-0013.wav,stationary,data/clean/musan/noise\free-sound\noise-free-sound-0245.wav,5.2,
pair_00945,data/clean/LibriSpeech\dev-clean\8842\304647\8842-304647-0011.wav,impulsive,data/clean/SESA\train\explosion_157.wav,0.77,0.0673125
pair_00946,data/clean/LibriSpeech\dev-clean\3752\4944\3752-4944-0056.wav,impulsive,data/clean/SESA\train\siren_094.wav,3.94,1.786875
pair_00947,data/clean/LibriSpeech\dev-clean\2277\149897\2277-149897-0033.wav,nonstationary,data/clean/musan/music\jamendo\music-jamendo-0023.wav,12.73,
pair_00948,data/clean/LibriSpeech\dev-clean\2428\83705\2428-83705-0019.wav,stationary,data/clean/musan/noise\free-sound\noise-free-sound-0082.wav,13.27,
pair_00949,data/clean/LibriSpeech\dev-clean\2035\147961\2035-147961-0009.wav,mixed,data/clean/musan/noise\free-sound\noise-free-sound-0769.wav + data/clean/SESA\train\explosion_084.wav,1.75,1.123
pair_00950,data/clean/LibriSpeech\dev-clean\8297\275154\8297-275154-0017.wav,mixed,data/clean/musan/noise\free-sound\noise-free-sound-0507.wav + data/clean/SESA\train\siren_083.wav,-0.07,1.1683125
pair_00951,data/clean/LibriSpeech\dev-clean\2277\149874\2277-149874-0021.wav,mixed,data/clean/musan/noise\free-sound\noise-free-sound-0377.wav + data/clean/SESA\train\explosion_066.wav,2.98,0.3350625
pair_00952,data/clean/LibriSpeech\dev-clean\7976\105575\7976-105575-0008.wav,impulsive,data/clean/SESA\test\explosion_022.wav,4.7,2.1236875
pair_00953,data/clean/LibriSpeech\dev-clean\1988\147956\1988-147956-0022.wav,stationary,data/clean/musan/noise\free-sound\noise-free-sound-0555.wav,2.47,
pair_00954,data/clean/LibriSpeech\dev-clean\2803\154328\2803-154328-0008.wav,nonstationary,data/clean/musan/music\jamendo\music-jamendo-0184.wav,-3.28,
pair_00955,data/clean/LibriSpeech\dev-clean\7850\281318\7850-281318-0014.wav,mixed,data/clean/musan/noise\free-sound\noise-free-sound-0565.wav + data/clean/SESA\train\siren_002.wav,2.73,3.78725
pair_00956,data/clean/LibriSpeech\dev-clean\2277\149896\2277-149896-0006.wav,nonstationary,data/clean/musan/music\rfm\music-rfm-0083.wav,3.29,
pair_00957,data/clean/LibriSpeech\dev-clean\1462\170142\1462-170142-0027.wav,impulsive,data/clean/SESA\train\explosion_112.wav,10.03,0.8165
pair_00958,data/clean/LibriSpeech\dev-clean\3536\23268\3536-23268-0008.wav,mixed,data/clean/musan/noise\free-sound\noise-free-sound-0320.wav + data/clean/SESA\test\explosion_071.wav,0.94,2.6251875
pair_00959,data/clean/LibriSpeech\dev-clean\5895\34629\5895-34629-0008.wav,mixed,data/clean/musan/noise\free-sound\noise-free-sound-0261.wav + data/clean/SESA\train\explosion_087.wav,-0.31,0.493875
pair_00960,data/clean/LibriSpeech\dev-clean\7850\73752\7850-73752-0015.wav,mixed,data/clean/musan/noise\free-sound\noise-free-sound-0041.wav + data/clean/SESA\train\siren_003.wav,12.97,3.1769375
pair_00961,data/clean/LibriSpeech\dev-clean\652\129742\652-129742-0008.wav,stationary,data/clean/musan/noise\free-sound\noise-free-sound-0552.wav,-1.88,
pair_00962,data/clean/LibriSpeech\dev-clean\5536\43359\5536-43359-0003.wav,impulsive,data/clean/SESA\train\siren_098.wav,13.94,5.4928125
pair_00963,data/clean/LibriSpeech\dev-clean\2277\149896\2277-149896-0000.wav,stationary,data/clean/musan/noise\free-sound\noise-free-sound-0739.wav,0.97,
pair_00964,data/clean/LibriSpeech\dev-clean\5694\64038\5694-64038-0001.wav,stationary,data/clean/musan/noise\free-sound\noise-free-sound-0359.wav,-4.74,
pair_00965,data/clean/LibriSpeech\dev-clean\5338\284437\5338-284437-0015.wav,stationary,data/clean/musan/noise\free-sound\noise-free-sound-0164.wav,14.05,
pair_00966,data/clean/LibriSpeech\dev-clean\1272\135031\1272-135031-0024.wav,mixed,data/clean/musan/noise\free-sound\noise-free-sound-0451.wav + data/clean/SESA\train\siren_084.wav,3.24,0.476875
pair_00967,data/clean/LibriSpeech\dev-clean\3752\4944\3752-4944-0063.wav,impulsive,data/clean/SESA\train\siren_069.wav,4.04,0.0264375
pair_00968,data/clean/LibriSpeech\dev-clean\2412\153948\2412-153948-0007.wav,mixed,data/clean/musan/noise\free-sound\noise-free-sound-0580.wav + data/clean/SESA\train\explosion_096.wav,10.48,2.034375
pair_00969,data/clean/LibriSpeech\dev-clean\2277\149897\2277-149897-0019.wav,mixed,data/clean/musan/noise\free-sound\noise-free-sound-0163.wav + data/clean/SESA\train\gunshot_070.wav,14.12,2.00825
pair_00970,data/clean/LibriSpeech\dev-clean\3536\23268\3536-23268-0020.wav,nonstationary,data/clean/musan/music\jamendo\music-jamendo-0110.wav,-2.58,
pair_00971,data/clean/LibriSpeech\dev-clean\2803\161169\2803-161169-0002.wav,impulsive,data/clean/SESA\train\siren_087.wav,4.23,1.0386875
pair_00972,data/clean/LibriSpeech\dev-clean\1919\142785\1919-142785-0011.wav,impulsive,data/clean/SESA\train\explosion_043.wav,-0.68,2.4495
pair_00973,data/clean/LibriSpeech\dev-clean\84\121550\84-121550-0024.wav,mixed,data/clean/musan/noise\free-sound\noise-free-sound-0372.wav + data/clean/SESA\test\explosion_088.wav,2.34,4.0626875
pair_00974,data/clean/LibriSpeech\dev-clean\652\130737\652-130737-0002.wav,stationary,data/clean/musan/noise\free-sound\noise-free-sound-0280.wav,13.1,
pair_00975,data/clean/LibriSpeech\dev-clean\6241\61946\6241-61946-0015.wav,nonstationary,data/clean/musan/music\rfm\music-rfm-0056.wav,7.56,
pair_00976,data/clean/LibriSpeech\dev-clean\6241\66616\6241-66616-0010.wav,impulsive,data/clean/SESA\train\gunshot_086.wav,1.76,0.666375
pair_00977,data/clean/LibriSpeech\dev-clean\1462\170145\1462-170145-0011.wav,mixed,data/clean/musan/noise\free-sound\noise-free-sound-0396.wav + data/clean/SESA\train\siren_007.wav,7.91,0.9863125
pair_00978,data/clean/LibriSpeech\dev-clean\777\126732\777-126732-0045.wav,stationary,data/clean/musan/noise\free-sound\noise-free-sound-0268.wav,10.47,
pair_00979,data/clean/LibriSpeech\dev-clean\2412\153948\2412-153948-0005.wav,nonstationary,data/clean/musan/music\fma\music-fma-0018.wav,1.63,
pair_00980,data/clean/LibriSpeech\dev-clean\251\137823\251-137823-0003.wav,stationary,data/clean/musan/noise\free-sound\noise-free-sound-0208.wav,3.93,
pair_00981,data/clean/LibriSpeech\dev-clean\3000\15664\3000-15664-0010.wav,stationary,data/clean/musan/noise\free-sound\noise-free-sound-0172.wav,-2.86,
pair_00982,data/clean/LibriSpeech\dev-clean\6345\93306\6345-93306-0003.wav,mixed,data/clean/musan/noise\free-sound\noise-free-sound-0818.wav + data/clean/SESA\train\siren_015.wav,14.48,0.175125
pair_00983,data/clean/LibriSpeech\dev-clean\84\121123\84-121123-0024.wav,impulsive,data/clean/SESA\train\gunshot_028.wav,-4.6,1.14825
pair_00984,data/clean/LibriSpeech\dev-clean\777\126732\777-126732-0061.wav,impulsive,data/clean/SESA\test\explosion_022.wav,-3.94,1.721875
pair_00985,data/clean/LibriSpeech\dev-clean\2277\149896\2277-149896-0008.wav,stationary,data/clean/musan/noise\free-sound\noise-free-sound-0001.wav,-1.19,
pair_00986,data/clean/LibriSpeech\dev-clean\3576\138058\3576-138058-0014.wav,nonstationary,data/clean/musan/music\jamendo\music-jamendo-0115.wav,5.35,
pair_00987,data/clean/LibriSpeech\dev-clean\1919\142785\1919-142785-0030.wav,nonstationary,data/clean/musan/music\fma\music-fma-0120.wav,3.74,
pair_00988,data/clean/LibriSpeech\dev-clean\2803\154328\2803-154328-0022.wav,mixed,data/clean/musan/noise\free-sound\noise-free-sound-0821.wav + data/clean/SESA\train\siren_064.wav,10.61,0.01025
pair_00989,data/clean/LibriSpeech\dev-clean\2277\149897\2277-149897-0003.wav,stationary,data/clean/musan/noise\free-sound\noise-free-sound-0736.wav,4.01,
pair_00990,data/clean/LibriSpeech\dev-clean\6295\244435\6295-244435-0037.wav,mixed,data/clean/musan/noise\free-sound\noise-free-sound-0619.wav + data/clean/SESA\train\gunshot_089.wav,13.38,0.39525
pair_00991,data/clean/LibriSpeech\dev-clean\1919\142785\1919-142785-0000.wav,nonstationary,data/clean/musan/music\rfm\music-rfm-0027.wav,-0.94,
pair_00992,data/clean/LibriSpeech\dev-clean\84\121550\84-121550-0022.wav,impulsive,data/clean/SESA\train\siren_079.wav,10.82,2.01175
pair_00993,data/clean/LibriSpeech\dev-clean\6345\93302\6345-93302-0024.wav,mixed,data/clean/musan/noise\free-sound\noise-free-sound-0029.wav + data/clean/SESA\test\gunshot_009.wav,13.68,1.2651875
pair_00994,data/clean/LibriSpeech\dev-clean\6345\93306\6345-93306-0020.wav,mixed,data/clean/musan/noise\free-sound\noise-free-sound-0379.wav + data/clean/SESA\train\gunshot_078.wav,2.59,1.97675
pair_00995,data/clean/LibriSpeech\dev-clean\2412\153948\2412-153948-0002.wav,stationary,data/clean/musan/noise\free-sound\noise-free-sound-0367.wav,6.18,
pair_00996,data/clean/LibriSpeech\dev-clean\5694\64029\5694-64029-0004.wav,impulsive,data/clean/SESA\train\siren_012.wav,14.87,0.9695
pair_00997,data/clean/LibriSpeech\dev-clean\652\130726\652-130726-0016.wav,impulsive,data/clean/SESA\test\siren_099.wav,-2.69,0.1138125
pair_00998,data/clean/LibriSpeech\dev-clean\1988\147956\1988-147956-0004.wav,impulsive,data/clean/SESA\train\gunshot_092.wav,6.71,7.524875
pair_00999,data/clean/LibriSpeech\dev-clean\8842\302201\8842-302201-0007.wav,nonstationary,data/clean/musan/music\fma-western-art\music-fma-wa-0065.wav,3.4,
pair_01000,data/clean/LibriSpeech\dev-clean\1272\141231\1272-141231-0008.wav,mixed,data/clean/musan/noise\free-sound\noise-free-sound-0155.wav + data/clean/SESA\train\explosion_128.wav,-2.37,0.0035625
pair_01001,data/clean/LibriSpeech\dev-clean\6241\61943\6241-61943-0008.wav,nonstationary,data/clean/musan/music\fma-western-art\music-fma-wa-0059.wav,6.38,
pair_01002,data/clean/LibriSpeech\dev-clean\2902\9006\2902-9006-0012.wav,stationary,data/clean/musan/noise\free-sound\noise-free-sound-0657.wav,9.67,
pair_01003,data/clean/LibriSpeech\dev-clean\6345\93302\6345-93302-0015.wav,impulsive,data/clean/SESA\train\gunshot_082.wav,7.85,0.1875
pair_01004,data/clean/LibriSpeech\dev-clean\2277\149897\2277-149897-0016.wav,impulsive,data/clean/SESA\train\explosion_170.wav,7.28,0.103
pair_01005,data/clean/LibriSpeech\dev-clean\1919\142785\1919-142785-0046.wav,nonstationary,data/clean/musan/music\jamendo\music-jamendo-0031.wav,2.76,
pair_01006,data/clean/LibriSpeech\dev-clean\2086\149220\2086-149220-0007.wav,stationary,data/clean/musan/noise\free-sound\noise-free-sound-0342.wav,0.74,
pair_01007,data/clean/LibriSpeech\dev-clean\2035\147961\2035-147961-0007.wav,stationary,data/clean/musan/noise\free-sound\noise-free-sound-0432.wav,9.9,
pair_01008,data/clean/LibriSpeech\dev-clean\2803\161169\2803-161169-0014.wav,nonstationary,data/clean/musan/music\fma\music-fma-0053.wav,11.87,
pair_01009,data/clean/LibriSpeech\dev-clean\2902\9006\2902-9006-0004.wav,impulsive,data/clean/SESA\train\explosion_044.wav,-2.33,0.7803125
pair_01010,data/clean/LibriSpeech\dev-clean\6241\61946\6241-61946-0004.wav,stationary,data/clean/musan/noise\free-sound\noise-free-sound-0647.wav,7.07,
pair_01011,data/clean/LibriSpeech\dev-clean\3081\166546\3081-166546-0023.wav,nonstationary,data/clean/musan/music\rfm\music-rfm-0009.wav,9.81,
pair_01012,data/clean/LibriSpeech\dev-clean\6319\64726\6319-64726-0003.wav,mixed,data/clean/musan/noise\free-sound\noise-free-sound-0210.wav + data/clean/SESA\train\explosion_166.wav,-1.26,0.5049375
pair_01013,data/clean/LibriSpeech\dev-clean\652\129742\652-129742-0008.wav,impulsive,data/clean/SESA\train\gunshot_018.wav,9.25,0.00625
pair_01014,data/clean/LibriSpeech\dev-clean\1272\141231\1272-141231-0001.wav,mixed,data/clean/musan/noise\free-sound\noise-free-sound-0092.wav + data/clean/SESA\train\explosion_145.wav,10.08,2.689875
pair_01015,data/clean/LibriSpeech\dev-clean\5694\64029\5694-64029-0011.wav,stationary,data/clean/musan/noise\free-sound\noise-free-sound-0784.wav,13.9,
pair_01016,data/clean/LibriSpeech\dev-clean\2035\152373\2035-152373-0001.wav,stationary,data/clean/musan/noise\free-sound\noise-free-sound-0763.wav,3.1,
pair_01017,data/clean/LibriSpeech\dev-clean\5895\34615\5895-34615-0012.wav,stationary,data/clean/musan/noise\free-sound\noise-free-sound-0037.wav,0.1,
pair_01018,data/clean/LibriSpeech\dev-clean\6241\61943\6241-61943-0024.wav,stationary,data/clean/musan/noise\free-sound\noise-free-sound-0567.wav,0.38,
pair_01019,data/clean/LibriSpeech\dev-clean\1919\142785\1919-142785-0018.wav,nonstationary,data/clean/musan/music\jamendo\music-jamendo-0135.wav,1.61,
pair_01020,data/clean/LibriSpeech\dev-clean\3536\8226\3536-8226-0023.wav,impulsive,data/clean/SESA\train\explosion_171.wav,14.69,0.1243125
pair_01021,data/clean/LibriSpeech\dev-clean\3536\8226\3536-8226-0017.wav,impulsive,data/clean/SESA\train\siren_098.wav,7.81,0.9490625
pair_01022,data/clean/LibriSpeech\dev-clean\3170\137482\3170-137482-0029.wav,impulsive,data/clean/SESA\train\explosion_092.wav,13.2,0.7164375
pair_01023,data/clean/LibriSpeech\dev-clean\2277\149897\2277-149897-0005.wav,mixed,data/clean/musan/noise\free-sound\noise-free-sound-0205.wav + data/clean/SESA\test\gunshot_093.wav,7.21,0.510875
pair_01024,data/clean/LibriSpeech\dev-clean\7976\110124\7976-110124-0000.wav,impulsive,data/clean/SESA\train\explosion_198.wav,10.81,1.192375
pair_01025,data/clean/LibriSpeech\dev-clean\6295\244435\6295-244435-0026.wav,impulsive,data/clean/SESA\train\gunshot_016.wav,4.03,1.500875
pair_01026,data/clean/LibriSpeech\dev-clean\3170\137482\3170-137482-0020.wav,mixed,data/clean/musan/noise\free-sound\noise-free-sound-0226.wav + data/clean/SESA\test\gunshot_098.wav,-3.23,0.07725
pair_01027,data/clean/LibriSpeech\dev-clean\2078\142845\2078-142845-0031.wav,mixed,data/clean/musan/noise\free-sound\noise-free-sound-0724.wav + data/clean/SESA\train\siren_032.wav,12.72,5.8414375
pair_01028,data/clean/LibriSpeech\dev-clean\1272\141231\1272-141231-0028.wav,impulsive,data/clean/SESA\train\siren_040.wav,1.99,2.7465625
pair_01029,data/clean/LibriSpeech\dev-clean\422\122949\422-122949-0003.wav,impulsive,data/clean/SESA\train\siren_014.wav,12.75,1.0333125
pair_01030,data/clean/LibriSpeech\dev-clean\6241\61943\6241-61943-0025.wav,mixed,data/clean/musan/noise\sound-bible\noise-sound-bible-0020.wav + data/clean/SESA\train\explosion_120.wav,6.13,1.08725
pair_01031,data/clean/LibriSpeech\dev-clean\2412\153954\2412-153954-0001.wav,mixed,data/clean/musan/noise\free-sound\noise-free-sound-0085.wav + data/clean/SESA\train\explosion_159.wav,10.21,1.126
pair_01032,data/clean/LibriSpeech\dev-clean\777\126732\777-126732-0018.wav,mixed,data/clean/musan/noise\free-sound\noise-free-sound-0443.wav + data/clean/SESA\train\gunshot_064.wav,-1.48,1.6418125
pair_01033,data/clean/LibriSpeech\dev-clean\2035\147961\2035-147961-0018.wav,mixed,data/clean/musan/noise\free-sound\noise-free-sound-0000.wav + data/clean/SESA\train\gunshot_058.wav,4.47,2.5975
pair_01034,data/clean/LibriSpeech\dev-clean\5338\284437\5338-284437-0009.wav,nonstationary,data/clean/musan/music\rfm\music-rfm-0125.wav,-0.32,
pair_01035,data/clean/LibriSpeech\dev-clean\8842\304647\8842-304647-0005.wav,impulsive,data/clean/SESA\test\explosion_199.wav,-3.13,0.83275
pair_01036,data/clean/LibriSpeech\dev-clean\8297\275154\8297-275154-0011.wav,mixed,data/clean/musan/noise\free-sound\noise-free-sound-0681.wav + data/clean/SESA\train\explosion_180.wav,12.91,0.5890625
pair_01037,data/clean/LibriSpeech\dev-clean\6295\244435\6295-244435-0014.wav,mixed,data/clean/musan/noise\free-sound\noise-free-sound-0720.wav + data/clean/SESA\train\siren_009.wav,-0.71,0.279125
pair_01038,data/clean/LibriSpeech\dev-clean\2428\83705\2428-83705-0017.wav,impulsive,data/clean/SESA\train\gunshot_077.wav,-4.36,0.8379375
pair_01039,data/clean/LibriSpeech\dev-clean\7850\111771\7850-111771-0000.wav,stationary,data/clean/musan/noise\free-sound\noise-free-sound-0604.wav,12.36,
pair_01040,data/clean/LibriSpeech\dev-clean\5536\43358\5536-43358-0007.wav,stationary,data/clean/musan/noise\free-sound\noise-free-sound-0660.wav,-4.08,
pair_01041,data/clean/LibriSpeech\dev-clean\5338\284437\5338-284437-0023.wav,nonstationary,data/clean/musan/music\jamendo\music-jamendo-0009.wav,-4.49,
pair_01042,data/clean/LibriSpeech\dev-clean\5536\43363\5536-43363-0009.wav,nonstationary,data/clean/musan/music\fma-western-art\music-fma-wa-0000.wav,10.15,
pair_01043,data/clean/LibriSpeech\dev-clean\3000\15664\3000-15664-0012.wav,impulsive,data/clean/SESA\train\siren_069.wav,8.77,0.963125
pair_01044,data/clean/LibriSpeech\dev-clean\3536\23268\3536-23268-0023.wav,stationary,data/clean/musan/noise\sound-bible\noise-sound-bible-0005.wav,1.41,
pair_01045,data/clean/LibriSpeech\dev-clean\6313\66129\6313-66129-0001.wav,mixed,data/clean/musan/noise\free-sound\noise-free-sound-0155.wav + data/clean/SESA\train\explosion_012.wav,3.13,3.785875
pair_01046,data/clean/LibriSpeech\dev-clean\2902\9008\2902-9008-0010.wav,impulsive,data/clean/SESA\test\gunshot_061.wav,-2.7,0.5263125
pair_01047,data/clean/LibriSpeech\dev-clean\251\136532\251-136532-0007.wav,stationary,data/clean/musan/noise\free-sound\noise-free-sound-0726.wav,-4.26,
pair_01048,data/clean/LibriSpeech\dev-clean\6313\66125\6313-66125-0010.wav,mixed,data/clean/musan/noise\sound-bible\noise-sound-bible-0004.wav + data/clean/SESA\train\siren_022.wav,10.86,0.6830625
pair_01049,data/clean/LibriSpeech\dev-clean\3081\166546\3081-166546-0036.wav,nonstationary,data/clean/musan/music\hd-classical\music-hd-0002.wav,3.04,
pair_01050,data/clean/LibriSpeech\dev-clean\5895\34615\5895-34615-0015.wav,mixed,data/clean/musan/noise\free-sound\noise-free-sound-0367.wav + data/clean/SESA\train\gunshot_046.wav,-4.57,1.9223125
pair_01051,data/clean/LibriSpeech\dev-clean\6345\93302\6345-93302-0018.wav,mixed,data/clean/musan/noise\sound-bible\noise-sound-bible-0038.wav + data/clean/SESA\train\explosion_160.wav,12.84,0.2325625
pair_01052,data/clean/LibriSpeech\dev-clean\5338\284437\5338-284437-0020.wav,impulsive,data/clean/SESA\train\explosion_050.wav,14.44,1.444625
pair_01053,data/clean/LibriSpeech\dev-clean\3081\166546\3081-166546-0029.wav,impulsive,data/clean/SESA\test\explosion_046.wav,-1.8,2.8315
pair_01054,data/clean/LibriSpeech\dev-clean\7850\281318\7850-281318-0015.wav,nonstationary,data/clean/musan/music\fma\music-fma-0075.wav,12.38,
pair_01055,data/clean/LibriSpeech\dev-clean\2086\149220\2086-149220-0040.wav,mixed,data/clean/musan/noise\free-sound\noise-free-sound-0414.wav + data/clean/SESA\train\explosion_008.wav,0.36,0.769875
pair_01056,data/clean/LibriSpeech\dev-clean\5694\64029\5694-64029-0012.wav,impulsive,data/clean/SESA\train\siren_073.wav,8.18,2.3760625
pair_01057,data/clean/LibriSpeech\dev-clean\8297\275156\8297-275156-0003.wav,nonstationary,data/clean/musan/music\jamendo\music-jamendo-0107.wav,-1.71,
pair_01058,data/clean/LibriSpeech\dev-clean\3081\166546\3081-166546-0037.wav,impulsive,data/clean/SESA\train\explosion_051.wav,10.21,0.382875
pair_01059,data/clean/LibriSpeech\dev-clean\6345\93306\6345-93306-0000.wav,stationary,data/clean/musan/noise\free-sound\noise-free-sound-0794.wav,-2.68,
pair_01060,data/clean/LibriSpeech\dev-clean\2803\154320\2803-154320-0012.wav,mixed,data/clean/musan/noise\free-sound\noise-free-sound-0486.wav + data/clean/SESA\test\explosion_168.wav,0.99,3.5401875
pair_01061,data/clean/LibriSpeech\dev-clean\5694\64025\5694-64025-0010.wav,nonstationary,data/clean/musan/music\fma\music-fma-0100.wav,6.82,
pair_01062,data/clean/LibriSpeech\dev-clean\5536\43358\5536-43358-0001.wav,impulsive,data/clean/SESA\train\gunshot_016.wav,4.06,3.4775
pair_01063,data/clean/LibriSpeech\dev-clean\84\121550\84-121550-0027.wav,stationary,data/clean/musan/noise\free-sound\noise-free-sound-0634.wav,4.37,
pair_01064,data/clean/LibriSpeech\dev-clean\2078\142845\2078-142845-0000.wav,nonstationary,data/clean/musan/music\jamendo\music-jamendo-0143.wav,-4.79,
pair_01065,data/clean/LibriSpeech\dev-clean\6319\275224\6319-275224-0010.wav,stationary,data/clean/musan/noise\free-sound\noise-free-sound-0366.wav,7.67,
pair_01066,data/clean/LibriSpeech\dev-clean\3752\4943\3752-4943-0026.wav,impulsive,data/clean/SESA\train\explosion_092.wav,-2.85,0.4076875
pair_01067,data/clean/LibriSpeech\dev-clean\8842\302203\8842-302203-0005.wav,mixed,data/clean/musan/noise\free-sound\noise-free-sound-0655.wav + data/clean/SESA\train\siren_046.wav,1.91,1.1255625
pair_01068,data/clean/LibriSpeech\dev-clean\3576\138058\3576-138058-0010.wav,nonstationary,data/clean/musan/music\fma\music-fma-0026.wav,3.3,
pair_01069,data/clean/LibriSpeech\dev-clean\2428\83705\2428-83705-0012.wav,impulsive,data/clean/SESA\train\siren_017.wav,7.88,1.33775
pair_01070,data/clean/LibriSpeech\dev-clean\6295\64301\6295-64301-0015.wav,stationary,data/clean/musan/noise\free-sound\noise-free-sound-0814.wav,0.22,
pair_01071,data/clean/LibriSpeech\dev-clean\3081\166546\3081-166546-0012.wav,nonstationary,data/clean/musan/music\jamendo\music-jamendo-0142.wav,-4.73,
pair_01072,data/clean/LibriSpeech\dev-clean\2277\149896\2277-149896-0015.wav,mixed,data/clean/musan/noise\free-sound\noise-free-sound-0721.wav + data/clean/SESA\test\gunshot_041.wav,3.78,1.797625
pair_01073,data/clean/LibriSpeech\dev-clean\7976\110523\7976-110523-0014.wav,stationary,data/clean/musan/noise\free-sound\noise-free-sound-0240.wav,8.2,
pair_01074,data/clean/LibriSpeech\dev-clean\5536\43359\5536-43359-0017.wav,nonstationary,data/clean/musan/music\hd-classical\music-hd-0049.wav,2.81,
pair_01075,data/clean/LibriSpeech\dev-clean\3853\163249\3853-163249-0022.wav,mixed,data/clean/musan/noise\free-sound\noise-free-sound-0771.wav + data/clean/SESA\train\explosion_050.wav,-4.71,0.54
pair_01076,data/clean/LibriSpeech\dev-clean\1993\147966\1993-147966-0004.wav,stationary,data/clean/musan/noise\free-sound\noise-free-sound-0291.wav,-2.05,
pair_01077,data/clean/LibriSpeech\dev-clean\84\121550\84-121550-0016.wav,stationary,data/clean/musan/noise\sound-bible\noise-sound-bible-0038.wav,9.8,
pair_01078,data/clean/LibriSpeech\dev-clean\1919\142785\1919-142785-0040.wav,nonstationary,data/clean/musan/music\fma-western-art\music-fma-wa-0072.wav,6.1,
pair_01079,data/clean/LibriSpeech\dev-clean\777\126732\777-126732-0009.wav,nonstationary,data/clean/musan/music\fma\music-fma-0028.wav,11.46,
pair_01080,data/clean/LibriSpeech\dev-clean\2428\83699\2428-83699-0014.wav,nonstationary,data/clean/musan/music\fma\music-fma-0072.wav,12.7,
pair_01081,data/clean/LibriSpeech\dev-clean\3752\4943\3752-4943-0012.wav,nonstationary,data/clean/musan/music\jamendo\music-jamendo-0126.wav,12.09,
pair_01082,data/clean/LibriSpeech\dev-clean\3536\8226\3536-8226-0000.wav,nonstationary,data/clean/musan/music\hd-classical\music-hd-0050.wav,9.73,
pair_01083,data/clean/LibriSpeech\dev-clean\7850\281318\7850-281318-0022.wav,nonstationary,data/clean/musan/music\jamendo\music-jamendo-0155.wav,1.89,
pair_01084,data/clean/LibriSpeech\dev-clean\652\129742\652-129742-0010.wav,stationary,data/clean/musan/noise\sound-bible\noise-sound-bible-0011.wav,-1.5,
pair_01085,data/clean/LibriSpeech\dev-clean\777\126732\777-126732-0049.wav,stationary,data/clean/musan/noise\free-sound\noise-free-sound-0335.wav,8.87,
pair_01086,data/clean/LibriSpeech\dev-clean\777\126732\777-126732-0038.wav,nonstationary,data/clean/musan/music\rfm\music-rfm-0146.wav,9.96,
pair_01087,data/clean/LibriSpeech\dev-clean\2902\9008\2902-9008-0014.wav,impulsive,data/clean/SESA\train\siren_024.wav,7.89,5.9093125
pair_01088,data/clean/LibriSpeech\dev-clean\174\168635\174-168635-0016.wav,impulsive,data/clean/SESA\train\siren_060.wav,10.99,1.605625
pair_01089,data/clean/LibriSpeech\dev-clean\3000\15664\3000-15664-0001.wav,stationary,data/clean/musan/noise\free-sound\noise-free-sound-0737.wav,13.22,
pair_01090,data/clean/LibriSpeech\dev-clean\2277\149896\2277-149896-0018.wav,mixed,data/clean/musan/noise\free-sound\noise-free-sound-0116.wav + data/clean/SESA\train\explosion_165.wav,8.28,0.186125
pair_01091,data/clean/LibriSpeech\dev-clean\2078\142845\2078-142845-0012.wav,nonstationary,data/clean/musan/music\jamendo\music-jamendo-0122.wav,-4.91,
pair_01092,data/clean/LibriSpeech\dev-clean\1272\135031\1272-135031-0019.wav,mixed,data/clean/musan/noise\free-sound\noise-free-sound-0062.wav + data/clean/SESA\train\explosion_170.wav,-1.97,0.0973125
pair_01093,data/clean/LibriSpeech\dev-clean\2428\83705\2428-83705-0029.wav,mixed,data/clean/musan/noise\free-sound\noise-free-sound-0107.wav + data/clean/SESA\train\explosion_154.wav,10.63,0.18275
pair_01094,data/clean/LibriSpeech\dev-clean\6295\244435\6295-244435-0034.wav,nonstationary,data/clean/musan/music\rfm\music-rfm-0076.wav,7.24,
pair_01095,data/clean/LibriSpeech\dev-clean\7850\111771\7850-111771-0000.wav,nonstationary,data/clean/musan/music\rfm\music-rfm-0058.wav,14.81,
pair_01096,data/clean/LibriSpeech\dev-clean\6313\66129\6313-66129-0029.wav,mixed,data/clean/musan/noise\free-sound\noise-free-sound-0143.wav + data/clean/SESA\train\siren_056.wav,-1.62,0.4985
pair_01097,data/clean/LibriSpeech\dev-clean\1462\170138\1462-170138-0022.wav,nonstationary,data/clean/musan/music\jamendo\music-jamendo-0094.wav,14.47,
pair_01098,data/clean/LibriSpeech\dev-clean\1673\143397\1673-143397-0008.wav,mixed,data/clean/musan/noise\free-sound\noise-free-sound-0418.wav + data/clean/SESA\train\explosion_172.wav,7.5,0.7856875
pair_01099,data/clean/LibriSpeech\dev-clean\2086\149220\2086-149220-0029.wav,nonstationary,data/clean/musan/music\fma\music-fma-0077.wav,12.52,
pair_01100,data/clean/LibriSpeech\dev-clean\2035\147961\2035-147961-0036.wav,stationary,data/clean/musan/noise\free-sound\noise-free-sound-0483.wav,2.62,
pair_01101,data/clean/LibriSpeech\dev-clean\5338\284437\5338-284437-0003.wav,impulsive,data/clean/SESA\train\gunshot_057.wav,14.97,0.2506875
pair_01102,data/clean/LibriSpeech\dev-clean\6345\93302\6345-93302-0026.wav,mixed,data/clean/musan/noise\sound-bible\noise-sound-bible-0056.wav + data/clean/SESA\train\explosion_010.wav,1.2,2.4250625
pair_01103,data/clean/LibriSpeech\dev-clean\2035\152373\2035-152373-0003.wav,impulsive,data/clean/SESA\test\explosion_046.wav,-2.69,1.33675
pair_01104,data/clean/LibriSpeech\dev-clean\6313\76958\6313-76958-0027.wav,stationary,data/clean/musan/noise\free-sound\noise-free-sound-0800.wav,0.52,
pair_01105,data/clean/LibriSpeech\dev-clean\8297\275154\8297-275154-0005.wav,impulsive,data/clean/SESA\train\explosion_177.wav,9.41,1.25475
pair_01106,data/clean/LibriSpeech\dev-clean\2902\9008\2902-9008-0005.wav,impulsive,data/clean/SESA\train\explosion_155.wav,1.54,1.101625
pair_01107,data/clean/LibriSpeech\dev-clean\5536\43359\5536-43359-0004.wav,mixed,data/clean/musan/noise\free-sound\noise-free-sound-0273.wav + data/clean/SESA\train\gunshot_094.wav,-1.21,2.7649375
pair_01108,data/clean/LibriSpeech\dev-clean\6241\61943\6241-61943-0011.wav,mixed,data/clean/musan/noise\sound-bible\noise-sound-bible-0044.wav + data/clean/SESA\train\explosion_029.wav,1.76,0.997
pair_01109,data/clean/LibriSpeech\dev-clean\2428\83699\2428-83699-0015.wav,nonstationary,data/clean/musan/music\rfm\music-rfm-0109.wav,-0.77,
pair_01110,data/clean/LibriSpeech\dev-clean\7850\111771\7850-111771-0003.wav,nonstationary,data/clean/musan/music\hd-classical\music-hd-0005.wav,4.22,
pair_01111,data/clean/LibriSpeech\dev-clean\8297\275155\8297-275155-0006.wav,stationary,data/clean/musan/noise\free-sound\noise-free-sound-0059.wav,7.2,
pair_01112,data/clean/LibriSpeech\dev-clean\2277\149874\2277-149874-0018.wav,impulsive,data/clean/SESA\train\explosion_084.wav,1.5,0.192125
pair_01113,data/clean/LibriSpeech\dev-clean\3000\15664\3000-15664-0023.wav,nonstationary,data/clean/musan/music\rfm\music-rfm-0004.wav,8.11,
pair_01114,data/clean/LibriSpeech\dev-clean\5338\284437\5338-284437-0007.wav,stationary,data/clean/musan/noise\free-sound\noise-free-sound-0182.wav,-2.05,
pair_01115,data/clean/LibriSpeech\dev-clean\6313\76958\6313-76958-0011.wav,impulsive,data/clean/SESA\train\gunshot_013.wav,13.47,0.2121875
pair_01116,data/clean/LibriSpeech\dev-clean\3081\166546\3081-166546-0075.wav,mixed,data/clean/musan/noise\free-sound\noise-free-sound-0226.wav + data/clean/SESA\test\siren_093.wav,2.01,1.2251875
pair_01117,data/clean/LibriSpeech\dev-clean\2412\153947\2412-153947-0008.wav,impulsive,data/clean/SESA\test\explosion_000.wav,1.24,0.2720625
pair_01118,data/clean/LibriSpeech\dev-clean\5536\43358\5536-43358-0009.wav,nonstationary,data/clean/musan/music\fma\music-fma-0076.wav,6.55,
pair_01119,data/clean/LibriSpeech\dev-clean\777\126732\777-126732-0057.wav,stationary,data/clean/musan/noise\free-sound\noise-free-sound-0287.wav,3.13,
pair_01120,data/clean/LibriSpeech\dev-clean\422\122949\422-122949-0012.wav,nonstationary,data/clean/musan/music\fma\music-fma-0013.wav,13.78,
pair_01121,data/clean/LibriSpeech\dev-clean\3081\166546\3081-166546-0001.wav,stationary,data/clean/musan/noise\free-sound\noise-free-sound-0267.wav,1.71,
pair_01122,data/clean/LibriSpeech\dev-clean\5338\24615\5338-24615-0001.wav,mixed,data/clean/musan/noise\free-sound\noise-free-sound-0092.wav + data/clean/SESA\train\gunshot_056.wav,5.77,0.838875
pair_01123,data/clean/LibriSpeech\dev-clean\2277\149897\2277-149897-0004.wav,impulsive,data/clean/SESA\train\gunshot_040.wav,9.19,1.7305
pair_01124,data/clean/LibriSpeech\dev-clean\1993\147964\1993-147964-0000.wav,mixed,data/clean/musan/noise\free-sound\noise-free-sound-0328.wav + data/clean/SESA\train\explosion_205.wav,9.06,0.542625
pair_01125,data/clean/LibriSpeech\dev-clean\6241\61946\6241-61946-0000.wav,impulsive,data/clean/SESA\train\siren_067.wav,3.1,1.2944375
pair_01126,data/clean/LibriSpeech\dev-clean\3576\138058\3576-138058-0020.wav,mixed,data/clean/musan/noise\free-sound\noise-free-sound-0687.wav + data/clean/SESA\train\explosion_026.wav,-4.31,12.7461875
pair_01127,data/clean/LibriSpeech\dev-clean\777\126732\777-126732-0039.wav,nonstationary,data/clean/musan/music\fma\music-fma-0001.wav,6.14,
pair_01128,data/clean/LibriSpeech\dev-clean\5338\284437\5338-284437-0019.wav,mixed,data/clean/musan/noise\free-sound\noise-free-sound-0446.wav + data/clean/SESA\train\explosion_066.wav,13.84,1.1371875
pair_01129,data/clean/LibriSpeech\dev-clean\7850\73752\7850-73752-0009.wav,stationary,data/clean/musan/noise\free-sound\noise-free-sound-0052.wav,14.57,
pair_01130,data/clean/LibriSpeech\dev-clean\6241\66616\6241-66616-0005.wav,nonstationary,data/clean/musan/music\fma\music-fma-0031.wav,11.04,
pair_01131,data/clean/LibriSpeech\dev-clean\6319\57405\6319-57405-0009.wav,mixed,data/clean/musan/noise\free-sound\noise-free-sound-0269.wav + data/clean/SESA\test\explosion_036.wav,9.35,0.19825
pair_01132,data/clean/LibriSpeech\dev-clean\3576\138058\3576-138058-0027.wav,stationary,data/clean/musan/noise\free-sound\noise-free-sound-0017.wav,1.82,
pair_01133,data/clean/LibriSpeech\dev-clean\5338\284437\5338-284437-0024.wav,impulsive,data/clean/SESA\train\explosion_042.wav,-0.35,0.9354375
pair_01134,data/clean/LibriSpeech\dev-clean\5338\284437\5338-284437-0001.wav,impulsive,data/clean/SESA\train\siren_014.wav,8.06,1.9478125
pair_01135,data/clean/LibriSpeech\dev-clean\1919\142785\1919-142785-0033.wav,mixed,data/clean/musan/noise\free-sound\noise-free-sound-0372.wav + data/clean/SESA\train\explosion_157.wav,-2.16,2.4695625
pair_01136,data/clean/LibriSpeech\dev-clean\777\126732\777-126732-0041.wav,impulsive,data/clean/SESA\train\gunshot_010.wav,14.68,0.88525
pair_01137,data/clean/LibriSpeech\dev-clean\5694\64029\5694-64029-0010.wav,impulsive,data/clean/SESA\train\explosion_028.wav,-4.71,0.729625
pair_01138,data/clean/LibriSpeech\dev-clean\6313\66129\6313-66129-0021.wav,impulsive,data/clean/SESA\train\explosion_082.wav,-3.81,0.1569375
pair_01139,data/clean/LibriSpeech\dev-clean\2902\9006\2902-9006-0002.wav,impulsive,data/clean/SESA\test\gunshot_061.wav,2.22,0.0698125
pair_01140,data/clean/LibriSpeech\dev-clean\1993\147149\1993-147149-0025.wav,stationary,data/clean/musan/noise\free-sound\noise-free-sound-0043.wav,4.38,
pair_01141,data/clean/LibriSpeech\dev-clean\6345\93302\6345-93302-0011.wav,stationary,data/clean/musan/noise\free-sound\noise-free-sound-0438.wav,14.08,
pair_01142,data/clean/LibriSpeech\dev-clean\2428\83699\2428-83699-0007.wav,impulsive,data/clean/SESA\train\siren_057.wav,-1.15,2.4399375
pair_01143,data/clean/LibriSpeech\dev-clean\2086\149220\2086-149220-0021.wav,impulsive,data/clean/SESA\test\explosion_156.wav,10.5,1.322
pair_01144,data/clean/LibriSpeech\dev-clean\2412\153954\2412-153954-0005.wav,impulsive,data/clean/SESA\train\gunshot_008.wav,14.43,1.7639375
pair_01145,data/clean/LibriSpeech\dev-clean\2277\149896\2277-149896-0006.wav,impulsive,data/clean/SESA\test\gunshot_093.wav,-0.28,1.603875
pair_01146,data/clean/LibriSpeech\dev-clean\7976\110124\7976-110124-0019.wav,impulsive,data/clean/SESA\train\explosion_111.wav,4.68,0.4055
pair_01147,data/clean/LibriSpeech\dev-clean\7850\286674\7850-286674-0006.wav,impulsive,data/clean/SESA\train\explosion_078.wav,-4.82,0.8788125
pair_01148,data/clean/LibriSpeech\dev-clean\3853\163249\3853-163249-0034.wav,nonstationary,data/clean/musan/music\rfm\music-rfm-0139.wav,14.53,
pair_01149,data/clean/LibriSpeech\dev-clean\2035\147961\2035-147961-0027.wav,mixed,data/clean/musan/noise\free-sound\noise-free-sound-0061.wav + data/clean/SESA\train\explosion_143.wav,3.37,0.0399375
pair_01150,data/clean/LibriSpeech\dev-clean\1462\170142\1462-170142-0006.wav,nonstationary,data/clean/musan/music\hd-classical\music-hd-0016.wav,7.9,
pair_01151,data/clean/LibriSpeech\dev-clean\251\118436\251-118436-0012.wav,mixed,data/clean/musan/noise\free-sound\noise-free-sound-0706.wav + data/clean/SESA\test\explosion_079.wav,7.02,0.364875
pair_01152,data/clean/LibriSpeech\dev-clean\8297\275155\8297-275155-0032.wav,stationary,data/clean/musan/noise\free-sound\noise-free-sound-0669.wav,-1.8,
pair_01153,data/clean/LibriSpeech\dev-clean\5338\24615\5338-24615-0008.wav,nonstationary,data/clean/musan/music\fma-western-art\music-fma-wa-0076.wav,5.3,
pair_01154,data/clean/LibriSpeech\dev-clean\174\168635\174-168635-0006.wav,nonstationary,data/clean/musan/music\fma-western-art\music-fma-wa-0089.wav,5.38,
pair_01155,data/clean/LibriSpeech\dev-clean\777\126732\777-126732-0009.wav,impulsive,data/clean/SESA\train\siren_096.wav,14.76,0.512625
pair_01156,data/clean/LibriSpeech\dev-clean\1988\147956\1988-147956-0018.wav,nonstationary,data/clean/musan/music\jamendo\music-jamendo-0015.wav,-0.23,
pair_01157,data/clean/LibriSpeech\dev-clean\1988\147956\1988-147956-0028.wav,nonstationary,data/clean/musan/music\rfm\music-rfm-0091.wav,11.84,
pair_01158,data/clean/LibriSpeech\dev-clean\2086\149220\2086-149220-0009.wav,stationary,data/clean/musan/noise\free-sound\noise-free-sound-0143.wav,14.22,
pair_01159,data/clean/LibriSpeech\dev-clean\5694\64038\5694-64038-0016.wav,stationary,data/clean/musan/noise\free-sound\noise-free-sound-0177.wav,14.03,
pair_01160,data/clean/LibriSpeech\dev-clean\8297\275155\8297-275155-0026.wav,nonstationary,data/clean/musan/music\rfm\music-rfm-0027.wav,12.41,
pair_01161,data/clean/LibriSpeech\dev-clean\5338\284437\5338-284437-0011.wav,stationary,data/clean/musan/noise\free-sound\noise-free-sound-0782.wav,5.78,
pair_01162,data/clean/LibriSpeech\dev-clean\652\130737\652-130737-0003.wav,mixed,data/clean/musan/noise\sound-bible\noise-sound-bible-0054.wav + data/clean/SESA\test\gunshot_098.wav,12.73,0.0821875
pair_01163,data/clean/LibriSpeech\dev-clean\8842\304647\8842-304647-0008.wav,nonstationary,data/clean/musan/music\rfm\music-rfm-0058.wav,5.67,
pair_01164,data/clean/LibriSpeech\dev-clean\3000\15664\3000-15664-0043.wav,nonstationary,data/clean/musan/music\fma-western-art\music-fma-wa-0068.wav,-3.85,
pair_01165,data/clean/LibriSpeech\dev-clean\1993\147149\1993-147149-0000.wav,stationary,data/clean/musan/noise\free-sound\noise-free-sound-0133.wav,0.19,
pair_01166,data/clean/LibriSpeech\dev-clean\1673\143397\1673-143397-0007.wav,nonstationary,data/clean/musan/music\fma\music-fma-0006.wav,4.24,
pair_01167,data/clean/LibriSpeech\dev-clean\1988\148538\1988-148538-0007.wav,nonstationary,data/clean/musan/music\jamendo\music-jamendo-0042.wav,5.58,
pair_01168,data/clean/LibriSpeech\dev-clean\1462\170142\1462-170142-0027.wav,stationary,data/clean/musan/noise\free-sound\noise-free-sound-0585.wav,4.74,
pair_01169,data/clean/LibriSpeech\dev-clean\2078\142845\2078-142845-0010.wav,stationary,data/clean/musan/noise\free-sound\noise-free-sound-0721.wav,13.34,
pair_01170,data/clean/LibriSpeech\dev-clean\251\136532\251-136532-0022.wav,mixed,data/clean/musan/noise\sound-bible\noise-sound-bible-0083.wav + data/clean/SESA\train\gunshot_036.wav,5.98,0.1276875
pair_01171,data/clean/LibriSpeech\dev-clean\3081\166546\3081-166546-0056.wav,mixed,data/clean/musan/noise\free-sound\noise-free-sound-0429.wav + data/clean/SESA\train\gunshot_065.wav,6.44,0.694625
pair_01172,data/clean/LibriSpeech\dev-clean\2277\149874\2277-149874-0007.wav,nonstationary,data/clean/musan/music\jamendo\music-jamendo-0206.wav,12.8,
pair_01173,data/clean/LibriSpeech\dev-clean\1988\147956\1988-147956-0016.wav,mixed,data/clean/musan/noise\sound-bible\noise-sound-bible-0046.wav + data/clean/SESA\train\explosion_008.wav,7.94,1.2234375
pair_01174,data/clean/LibriSpeech\dev-clean\6319\64726\6319-64726-0006.wav,mixed,data/clean/musan/noise\free-sound\noise-free-sound-0232.wav + data/clean/SESA\train\siren_032.wav,2.71,1.1553125
pair_01175,data/clean/LibriSpeech\dev-clean\1673\143397\1673-143397-0004.wav,nonstationary,data/clean/musan/music\rfm\music-rfm-0078.wav,-1.28,
pair_01176,data/clean/LibriSpeech\dev-clean\3081\166546\3081-166546-0054.wav,mixed,data/clean/musan/noise\free-sound\noise-free-sound-0059.wav + data/clean/SESA\train\gunshot_040.wav,2.96,1.317125
pair_01177,data/clean/LibriSpeech\dev-clean\6313\66125\6313-66125-0003.wav,impulsive,data/clean/SESA\train\explosion_148.wav,10.0,0.528125
pair_01178,data/clean/LibriSpeech\dev-clean\6319\64726\6319-64726-0017.wav,mixed,data/clean/musan/noise\free-sound\noise-free-sound-0423.wav + data/clean/SESA\test\explosion_103.wav,0.35,0.317875
pair_01179,data/clean/LibriSpeech\dev-clean\251\118436\251-118436-0014.wav,mixed,data/clean/musan/noise\free-sound\noise-free-sound-0274.wav + data/clean/SESA\train\explosion_151.wav,0.94,1.2723125
pair_01180,data/clean/LibriSpeech\dev-clean\2428\83699\2428-83699-0002.wav,stationary,data/clean/musan/noise\free-sound\noise-free-sound-0649.wav,10.79,
pair_01181,data/clean/LibriSpeech\dev-clean\2428\83705\2428-83705-0020.wav,impulsive,data/clean/SESA\train\siren_082.wav,1.14,2.657125
pair_01182,data/clean/LibriSpeech\dev-clean\5694\64029\5694-64029-0012.wav,impulsive,data/clean/SESA\test\explosion_182.wav,12.05,1.234625
pair_01183,data/clean/LibriSpeech\dev-clean\7976\105575\7976-105575-0017.wav,nonstationary,data/clean/musan/music\fma\music-fma-0127.wav,5.42,
pair_01184,data/clean/LibriSpeech\dev-clean\3081\166546\3081-166546-0016.wav,mixed,data/clean/musan/noise\free-sound\noise-free-sound-0145.wav + data/clean/SESA\train\gunshot_079.wav,12.76,1.3405
pair_01185,data/clean/LibriSpeech\dev-clean\3170\137482\3170-137482-0012.wav,nonstationary,data/clean/musan/music\jamendo\music-jamendo-0196.wav,2.06,
pair_01186,data/clean/LibriSpeech\dev-clean\6319\275224\6319-275224-0018.wav,mixed,data/clean/musan/noise\free-sound\noise-free-sound-0112.wav + data/clean/SESA\train\explosion_073.wav,-3.55,1.78725
pair_01187,data/clean/LibriSpeech\dev-clean\2803\154320\2803-154320-0012.wav,nonstationary,data/clean/musan/music\rfm\music-rfm-0012.wav,7.62,
pair_01188,data/clean/LibriSpeech\dev-clean\1673\143397\1673-143397-0010.wav,mixed,data/clean/musan/noise\free-sound\noise-free-sound-0654.wav + data/clean/SESA\train\siren_044.wav,7.39,4.235125
pair_01189,data/clean/LibriSpeech\dev-clean\3853\163249\3853-163249-0043.wav,nonstationary,data/clean/musan/music\fma-western-art\music-fma-wa-0082.wav,14.37,
pair_01190,data/clean/LibriSpeech\dev-clean\6313\76958\6313-76958-0019.wav,mixed,data/clean/musan/noise\free-sound\noise-free-sound-0314.wav + data/clean/SESA\train\explosion_026.wav,4.62,0.1991875
pair_01191,data/clean/LibriSpeech\dev-clean\174\84280\174-84280-0015.wav,mixed,data/clean/musan/noise\sound-bible\noise-sound-bible-0051.wav + data/clean/SESA\test\explosion_040.wav,-0.38,1.092875
pair_01192,data/clean/LibriSpeech\dev-clean\2803\154328\2803-154328-0006.wav,impulsive,data/clean/SESA\train\gunshot_011.wav,13.65,1.0440625
pair_01193,data/clean/LibriSpeech\dev-clean\5536\43363\5536-43363-0006.wav,mixed,data/clean/musan/noise\free-sound\noise-free-sound-0165.wav + data/clean/SESA\train\explosion_145.wav,12.5,3.74325
pair_01194,data/clean/LibriSpeech\dev-clean\6345\93302\6345-93302-0012.wav,stationary,data/clean/musan/noise\free-sound\noise-free-sound-0534.wav,-2.24,
pair_01195,data/clean/LibriSpeech\dev-clean\2035\147961\2035-147961-0029.wav,stationary,data/clean/musan/noise\free-sound\noise-free-sound-0259.wav,6.34,
pair_01196,data/clean/LibriSpeech\dev-clean\8297\275155\8297-275155-0008.wav,mixed,data/clean/musan/noise\free-sound\noise-free-sound-0130.wav + data/clean/SESA\train\explosion_161.wav,12.18,0.2251875
pair_01197,data/clean/LibriSpeech\dev-clean\1988\148538\1988-148538-0002.wav,impulsive,data/clean/SESA\train\explosion_137.wav,9.97,0.4605625
pair_01198,data/clean/LibriSpeech\dev-clean\2035\147961\2035-147961-0015.wav,mixed,data/clean/musan/noise\free-sound\noise-free-sound-0351.wav + data/clean/SESA\train\siren_021.wav,9.1,1.08675
pair_01199,data/clean/LibriSpeech\dev-clean\3576\138058\3576-138058-0017.wav,impulsive,data/clean/SESA\train\siren_003.wav,14.94,1.6671875
pair_01200,data/clean/LibriSpeech\dev-clean\2277\149897\2277-149897-0011.wav,stationary,data/clean/musan/noise\free-sound\noise-free-sound-0039.wav,8.06,
pair_01201,data/clean/LibriSpeech\dev-clean\5694\64025\5694-64025-0012.wav,nonstationary,data/clean/musan/music\hd-classical\music-hd-0030.wav,0.31,
pair_01202,data/clean/LibriSpeech\dev-clean\777\126732\777-126732-0027.wav,mixed,data/clean/musan/noise\free-sound\noise-free-sound-0307.wav + data/clean/SESA\train\explosion_090.wav,13.04,1.1335
pair_01203,data/clean/LibriSpeech\dev-clean\1919\142785\1919-142785-0002.wav,stationary,data/clean/musan/noise\free-sound\noise-free-sound-0464.wav,0.22,
pair_01204,data/clean/LibriSpeech\dev-clean\7976\110124\7976-110124-0004.wav,nonstationary,data/clean/musan/music\fma\music-fma-0069.wav,-2.97,
pair_01205,data/clean/LibriSpeech\dev-clean\6319\64726\6319-64726-0020.wav,mixed,data/clean/musan/noise\free-sound\noise-free-sound-0097.wav + data/clean/SESA\train\explosion_102.wav,-1.44,0.5590625
pair_01206,data/clean/LibriSpeech\dev-clean\3752\4944\3752-4944-0035.wav,impulsive,data/clean/SESA\train\explosion_125.wav,-4.29,0.5636875
pair_01207,data/clean/LibriSpeech\dev-clean\3752\4944\3752-4944-0049.wav,nonstationary,data/clean/musan/music\fma\music-fma-0020.wav,-4.01,
pair_01208,data/clean/LibriSpeech\dev-clean\6295\244435\6295-244435-0015.wav,impulsive,data/clean/SESA\train\gunshot_038.wav,-0.32,0.394125
pair_01209,data/clean/LibriSpeech\dev-clean\3853\163249\3853-163249-0019.wav,mixed,data/clean/musan/noise\free-sound\noise-free-sound-0694.wav + data/clean/SESA\test\explosion_195.wav,13.19,1.2430625
pair_01210,data/clean/LibriSpeech\dev-clean\3081\166546\3081-166546-0012.wav,mixed,data/clean/musan/noise\sound-bible\noise-sound-bible-0078.wav + data/clean/SESA\train\siren_090.wav,-4.67,0.6443125
pair_01211,data/clean/LibriSpeech\dev-clean\8842\304647\8842-304647-0002.wav,stationary,data/clean/musan/noise\free-sound\noise-free-sound-0157.wav,14.28,
pair_01212,data/clean/LibriSpeech\dev-clean\3853\163249\3853-163249-0027.wav,mixed,data/clean/musan/noise\free-sound\noise-free-sound-0727.wav + data/clean/SESA\train\explosion_097.wav,6.08,1.9308125
pair_01213,data/clean/LibriSpeech\dev-clean\2078\142845\2078-142845-0039.wav,nonstationary,data/clean/musan/music\fma\music-fma-0005.wav,13.17,
pair_01214,data/clean/LibriSpeech\dev-clean\6241\66616\6241-66616-0023.wav,mixed,data/clean/musan/noise\free-sound\noise-free-sound-0119.wav + data/clean/SESA\train\explosion_053.wav,-0.5,0.087125
pair_01215,data/clean/LibriSpeech\dev-clean\8297\275156\8297-275156-0002.wav,nonstationary,data/clean/musan/music\jamendo\music-jamendo-0008.wav,8.05,
pair_01216,data/clean/LibriSpeech\dev-clean\2035\147960\2035-147960-0010.wav,stationary,data/clean/musan/noise\free-sound\noise-free-sound-0518.wav,7.14,
pair_01217,data/clean/LibriSpeech\dev-clean\2277\149897\2277-149897-0025.wav,stationary,data/clean/musan/noise\free-sound\noise-free-sound-0389.wav,14.06,
pair_01218,data/clean/LibriSpeech\dev-clean\2277\149897\2277-149897-0030.wav,stationary,data/clean/musan/noise\free-sound\noise-free-sound-0121.wav,-0.98,
pair_01219,data/clean/LibriSpeech\dev-clean\2086\149220\2086-149220-0012.wav,stationary,data/clean/musan/noise\free-sound\noise-free-sound-0802.wav,7.32,
pair_01220,data/clean/LibriSpeech\dev-clean\5694\64029\5694-64029-0002.wav,mixed,data/clean/musan/noise\sound-bible\noise-sound-bible-0083.wav + data/clean/SESA\train\gunshot_075.wav,-4.85,1.1564375
pair_01221,data/clean/LibriSpeech\dev-clean\3081\166546\3081-166546-0018.wav,stationary,data/clean/musan/noise\free-sound\noise-free-sound-0479.wav,5.63,
pair_01222,data/clean/LibriSpeech\dev-clean\652\130726\652-130726-0006.wav,impulsive,data/clean/SESA\test\explosion_189.wav,-3.22,1.229375
pair_01223,data/clean/LibriSpeech\dev-clean\3853\163249\3853-163249-0033.wav,impulsive,data/clean/SESA\train\siren_014.wav,2.34,1.0299375
pair_01224,data/clean/LibriSpeech\dev-clean\2086\149220\2086-149220-0024.wav,mixed,data/clean/musan/noise\free-sound\noise-free-sound-0431.wav + data/clean/SESA\train\explosion_078.wav,7.51,0.7360625
pair_01225,data/clean/LibriSpeech\dev-clean\2428\83699\2428-83699-0021.wav,impulsive,data/clean/SESA\train\siren_024.wav,9.55,1.2931875
pair_01226,data/clean/LibriSpeech\dev-clean\1993\147964\1993-147964-0002.wav,nonstationary,data/clean/musan/music\fma-western-art\music-fma-wa-0074.wav,4.23,
pair_01227,data/clean/LibriSpeech\dev-clean\2428\83705\2428-83705-0043.wav,stationary,data/clean/musan/noise\free-sound\noise-free-sound-0733.wav,14.66,
pair_01228,data/clean/LibriSpeech\dev-clean\2412\153948\2412-153948-0008.wav,nonstationary,data/clean/musan/music\jamendo\music-jamendo-0043.wav,13.64,
pair_01229,data/clean/LibriSpeech\dev-clean\2428\83699\2428-83699-0024.wav,impulsive,data/clean/SESA\test\siren_052.wav,3.6,1.876875
pair_01230,data/clean/LibriSpeech\dev-clean\1462\170142\1462-170142-0019.wav,impulsive,data/clean/SESA\train\gunshot_015.wav,4.86,1.18025
pair_01231,data/clean/LibriSpeech\dev-clean\6241\61943\6241-61943-0023.wav,mixed,data/clean/musan/noise\free-sound\noise-free-sound-0785.wav + data/clean/SESA\train\gunshot_073.wav,11.9,0.9543125
pair_01232,data/clean/LibriSpeech\dev-clean\6313\66129\6313-66129-0027.wav,impulsive,data/clean/SESA\train\gunshot_062.wav,-3.33,1.949125
pair_01233,data/clean/LibriSpeech\dev-clean\3752\4943\3752-4943-0018.wav,stationary,data/clean/musan/noise\free-sound\noise-free-sound-0642.wav,7.79,
pair_01234,data/clean/LibriSpeech\dev-clean\777\126732\777-126732-0028.wav,nonstationary,data/clean/musan/music\rfm\music-rfm-0001.wav,13.48,
pair_01235,data/clean/LibriSpeech\dev-clean\2035\147960\2035-147960-0011.wav,nonstationary,data/clean/musan/music\fma-western-art\music-fma-wa-0007.wav,0.65,
pair_01236,data/clean/LibriSpeech\dev-clean\2078\142845\2078-142845-0028.wav,nonstationary,data/clean/musan/music\fma\music-fma-0103.wav,8.27,
pair_01237,data/clean/LibriSpeech\dev-clean\5895\34615\5895-34615-0014.wav,nonstationary,data/clean/musan/music\fma-western-art\music-fma-wa-0069.wav,-3.78,
pair_01238,data/clean/LibriSpeech\dev-clean\1462\170145\1462-170145-0019.wav,stationary,data/clean/musan/noise\free-sound\noise-free-sound-0451.wav,-0.1,
pair_01239,data/clean/LibriSpeech\dev-clean\5895\34629\5895-34629-0024.wav,mixed,data/clean/musan/noise\free-sound\noise-free-sound-0550.wav + data/clean/SESA\train\gunshot_058.wav,6.1,1.161625
pair_01240,data/clean/LibriSpeech\dev-clean\7976\110124\7976-110124-0008.wav,impulsive,data/clean/SESA\train\gunshot_025.wav,7.2,1.7794375
pair_01241,data/clean/LibriSpeech\dev-clean\422\122949\422-122949-0032.wav,mixed,data/clean/musan/noise\free-sound\noise-free-sound-0779.wav + data/clean/SESA\train\explosion_062.wav,7.82,2.496
pair_01242,data/clean/LibriSpeech\dev-clean\1462\170142\1462-170142-0027.wav,nonstationary,data/clean/musan/music\hd-classical\music-hd-0038.wav,3.79,
pair_01243,data/clean/LibriSpeech\dev-clean\6313\66125\6313-66125-0008.wav,stationary,data/clean/musan/noise\free-sound\noise-free-sound-0829.wav,10.36,
pair_01244,data/clean/LibriSpeech\dev-clean\7976\105575\7976-105575-0028.wav,impulsive,data/clean/SESA\test\explosion_036.wav,-3.33,0.44975
pair_01245,data/clean/LibriSpeech\dev-clean\3853\163249\3853-163249-0008.wav,nonstationary,data/clean/musan/music\fma-western-art\music-fma-wa-0065.wav,-2.32,
pair_01246,data/clean/LibriSpeech\dev-clean\7976\110124\7976-110124-0002.wav,impulsive,data/clean/SESA\train\explosion_151.wav,10.82,3.116125
pair_01247,data/clean/LibriSpeech\dev-clean\2902\9008\2902-9008-0003.wav,mixed,data/clean/musan/noise\free-sound\noise-free-sound-0143.wav + data/clean/SESA\train\gunshot_082.wav,2.42,2.129
pair_01248,data/clean/LibriSpeech\dev-clean\652\129742\652-129742-0018.wav,nonstationary,data/clean/musan/music\jamendo\music-jamendo-0093.wav,-4.27,
pair_01249,data/clean/LibriSpeech\dev-clean\5694\64029\5694-64029-0002.wav,impulsive,data/clean/SESA\train\siren_003.wav,3.43,1.3214375
pair_01250,data/clean/LibriSpeech\dev-clean\422\122949\422-122949-0008.wav,nonstationary,data/clean/musan/music\jamendo\music-jamendo-0052.wav,10.22,
pair_01251,data/clean/LibriSpeech\dev-clean\5338\284437\5338-284437-0032.wav,stationary,data/clean/musan/noise\free-sound\noise-free-sound-0413.wav,2.28,
pair_01252,data/clean/LibriSpeech\dev-clean\2412\153947\2412-153947-0016.wav,impulsive,data/clean/SESA\train\explosion_161.wav,12.71,0.2513125
pair_01253,data/clean/LibriSpeech\dev-clean\1462\170138\1462-170138-0008.wav,mixed,data/clean/musan/noise\free-sound\noise-free-sound-0517.wav + data/clean/SESA\train\explosion_196.wav,4.87,1.76075
pair_01254,data/clean/LibriSpeech\dev-clean\2902\9006\2902-9006-0002.wav,nonstationary,data/clean/musan/music\fma\music-fma-0103.wav,13.07,
pair_01255,data/clean/LibriSpeech\dev-clean\3081\166546\3081-166546-0026.wav,stationary,data/clean/musan/noise\free-sound\noise-free-sound-0627.wav,-0.92,
pair_01256,data/clean/LibriSpeech\dev-clean\174\168635\174-168635-0015.wav,impulsive,data/clean/SESA\train\gunshot_087.wav,3.13,0.36125
pair_01257,data/clean/LibriSpeech\dev-clean\3536\23268\3536-23268-0013.wav,impulsive,data/clean/SESA\train\explosion_130.wav,-4.13,0.2298125
pair_01258,data/clean/LibriSpeech\dev-clean\1988\148538\1988-148538-0007.wav,stationary,data/clean/musan/noise\free-sound\noise-free-sound-0279.wav,3.42,
pair_01259,data/clean/LibriSpeech\dev-clean\1673\143397\1673-143397-0018.wav,mixed,data/clean/musan/noise\free-sound\noise-free-sound-0085.wav + data/clean/SESA\train\gunshot_071.wav,0.2,2.0061875
pair_01260,data/clean/LibriSpeech\dev-clean\6295\64301\6295-64301-0025.wav,nonstationary,data/clean/musan/music\jamendo\music-jamendo-0146.wav,10.29,
pair_01261,data/clean/LibriSpeech\dev-clean\174\50561\174-50561-0010.wav,stationary,data/clean/musan/noise\free-sound\noise-free-sound-0476.wav,0.48,
pair_01262,data/clean/LibriSpeech\dev-clean\3000\15664\3000-15664-0011.wav,nonstationary,data/clean/musan/music\jamendo\music-jamendo-0013.wav,1.55,
pair_01263,data/clean/LibriSpeech\dev-clean\777\126732\777-126732-0038.wav,mixed,data/clean/musan/noise\free-sound\noise-free-sound-0377.wav + data/clean/SESA\train\siren_054.wav,-3.1,0.6078125
pair_01264,data/clean/LibriSpeech\dev-clean\6241\66616\6241-66616-0019.wav,stationary,data/clean/musan/noise\free-sound\noise-free-sound-0434.wav,9.5,
pair_01265,data/clean/LibriSpeech\dev-clean\2428\83705\2428-83705-0006.wav,stationary,data/clean/musan/noise\free-sound\noise-free-sound-0762.wav,7.52,
pair_01266,data/clean/LibriSpeech\dev-clean\2412\153948\2412-153948-0007.wav,nonstationary,data/clean/musan/music\jamendo\music-jamendo-0168.wav,10.98,
pair_01267,data/clean/LibriSpeech\dev-clean\2277\149897\2277-149897-0014.wav,impulsive,data/clean/SESA\test\explosion_136.wav,7.58,0.1378125
pair_01268,data/clean/LibriSpeech\dev-clean\5338\284437\5338-284437-0022.wav,mixed,data/clean/musan/noise\free-sound\noise-free-sound-0273.wav + data/clean/SESA\test\explosion_000.wav,4.05,1.3258125
pair_01269,data/clean/LibriSpeech\dev-clean\1673\143397\1673-143397-0018.wav,mixed,data/clean/musan/noise\free-sound\noise-free-sound-0820.wav + data/clean/SESA\train\gunshot_035.wav,2.14,1.006375
pair_01270,data/clean/LibriSpeech\dev-clean\6241\61943\6241-61943-0026.wav,nonstationary,data/clean/musan/music\hd-classical\music-hd-0028.wav,14.42,
pair_01271,data/clean/LibriSpeech\dev-clean\3081\166546\3081-166546-0038.wav,impulsive,data/clean/SESA\train\explosion_089.wav,-1.56,1.43475
pair_01272,data/clean/LibriSpeech\dev-clean\5694\64029\5694-64029-0015.wav,mixed,data/clean/musan/noise\free-sound\noise-free-sound-0103.wav + data/clean/SESA\train\explosion_180.wav,9.2,1.4380625
pair_01273,data/clean/LibriSpeech\dev-clean\2902\9008\2902-9008-0014.wav,mixed,data/clean/musan/noise\free-sound\noise-free-sound-0043.wav + data/clean/SESA\train\explosion_064.wav,8.94,0.5874375
pair_01274,data/clean/LibriSpeech\dev-clean\7850\111771\7850-111771-0005.wav,mixed,data/clean/musan/noise\free-sound\noise-free-sound-0623.wav + data/clean/SESA\test\explosion_025.wav,-1.16,1.481875
pair_01275,data/clean/LibriSpeech\dev-clean\777\126732\777-126732-0039.wav,impulsive,data/clean/SESA\train\siren_045.wav,6.38,1.3223125
pair_01276,data/clean/LibriSpeech\dev-clean\84\121550\84-121550-0004.wav,nonstationary,data/clean/musan/music\fma-western-art\music-fma-wa-0061.wav,12.63,
pair_01277,data/clean/LibriSpeech\dev-clean\2428\83705\2428-83705-0007.wav,impulsive,data/clean/SESA\test\explosion_052.wav,0.68,0.2203125
pair_01278,data/clean/LibriSpeech\dev-clean\3853\163249\3853-163249-0049.wav,impulsive,data/clean/SESA\train\explosion_072.wav,-2.07,1.0501875
pair_01279,data/clean/LibriSpeech\dev-clean\3752\4943\3752-4943-0019.wav,impulsive,data/clean/SESA\train\gunshot_071.wav,-0.44,0.4436875
pair_01280,data/clean/LibriSpeech\dev-clean\251\118436\251-118436-0023.wav,stationary,data/clean/musan/noise\sound-bible\noise-sound-bible-0065.wav,3.47,
pair_01281,data/clean/LibriSpeech\dev-clean\2035\147961\2035-147961-0007.wav,nonstationary,data/clean/musan/music\rfm\music-rfm-0014.wav,-3.03,
pair_01282,data/clean/LibriSpeech\dev-clean\2902\9006\2902-9006-0016.wav,stationary,data/clean/musan/noise\free-sound\noise-free-sound-0659.wav,4.27,
pair_01283,data/clean/LibriSpeech\dev-clean\2428\83699\2428-83699-0030.wav,mixed,data/clean/musan/noise\free-sound\noise-free-sound-0000.wav + data/clean/SESA\train\explosion_054.wav,7.66,1.4595
pair_01284,data/clean/LibriSpeech\dev-clean\7976\110124\7976-110124-0004.wav,nonstationary,data/clean/musan/music\fma-western-art\music-fma-wa-0038.wav,3.21,
pair_01285,data/clean/LibriSpeech\dev-clean\8842\304647\8842-304647-0007.wav,mixed,data/clean/musan/noise\free-sound\noise-free-sound-0532.wav + data/clean/SESA\train\explosion_202.wav,8.38,0.60075
pair_01286,data/clean/LibriSpeech\dev-clean\3081\166546\3081-166546-0026.wav,nonstationary,data/clean/musan/music\jamendo\music-jamendo-0056.wav,-3.96,
pair_01287,data/clean/LibriSpeech\dev-clean\251\137823\251-137823-0002.wav,mixed,data/clean/musan/noise\free-sound\noise-free-sound-0123.wav + data/clean/SESA\train\siren_057.wav,-0.02,0.75125
pair_01288,data/clean/LibriSpeech\dev-clean\1272\128104\1272-128104-0013.wav,impulsive,data/clean/SESA\train\siren_080.wav,2.78,1.4773125
pair_01289,data/clean/LibriSpeech\dev-clean\777\126732\777-126732-0070.wav,nonstationary,data/clean/musan/music\jamendo\music-jamendo-0115.wav,4.38,
pair_01290,data/clean/LibriSpeech\dev-clean\6313\66129\6313-66129-0008.wav,mixed,data/clean/musan/noise\free-sound\noise-free-sound-0759.wav + data/clean/SESA\train\gunshot_049.wav,14.6,1.4455625
pair_01291,data/clean/LibriSpeech\dev-clean\3576\138058\3576-138058-0027.wav,impulsive,data/clean/SESA\train\explosion_023.wav,-0.36,0.2796875
pair_01292,data/clean/LibriSpeech\dev-clean\2412\153954\2412-153954-0002.wav,impulsive,data/clean/SESA\train\gunshot_012.wav,6.53,0.4421875
pair_01293,data/clean/LibriSpeech\dev-clean\3536\8226\3536-8226-0005.wav,nonstationary,data/clean/musan/music\jamendo\music-jamendo-0172.wav,9.75,
pair_01294,data/clean/LibriSpeech\dev-clean\2902\9006\2902-9006-0018.wav,mixed,data/clean/musan/noise\free-sound\noise-free-sound-0283.wav + data/clean/SESA\test\gunshot_063.wav,0.25,22.975375
pair_01295,data/clean/LibriSpeech\dev-clean\6295\244435\6295-244435-0017.wav,impulsive,data/clean/SESA\train\siren_096.wav,7.36,2.632375
pair_01296,data/clean/LibriSpeech\dev-clean\5694\64025\5694-64025-0006.wav,mixed,data/clean/musan/noise\sound-bible\noise-sound-bible-0080.wav + data/clean/SESA\test\explosion_063.wav,-4.06,0.9705625
pair_01297,data/clean/LibriSpeech\dev-clean\8842\302203\8842-302203-0008.wav,impulsive,data/clean/SESA\train\explosion_092.wav,7.73,0.42125
pair_01298,data/clean/LibriSpeech\dev-clean\1272\128104\1272-128104-0008.wav,impulsive,data/clean/SESA\train\gunshot_038.wav,6.46,0.57725
pair_01299,data/clean/LibriSpeech\dev-clean\5694\64029\5694-64029-0030.wav,impulsive,data/clean/SESA\train\gunshot_016.wav,-0.16,0.4354375
pair_01300,data/clean/LibriSpeech\dev-clean\1462\170138\1462-170138-0012.wav,nonstationary,data/clean/musan/music\hd-classical\music-hd-0009.wav,-0.58,
pair_01301,data/clean/LibriSpeech\dev-clean\3853\163249\3853-163249-0019.wav,impulsive,data/clean/SESA\train\gunshot_023.wav,14.4,1.23675
pair_01302,data/clean/LibriSpeech\dev-clean\6295\64301\6295-64301-0019.wav,impulsive,data/clean/SESA\train\explosion_070.wav,9.38,3.530875
pair_01303,data/clean/LibriSpeech\dev-clean\3170\137482\3170-137482-0030.wav,nonstationary,data/clean/musan/music\rfm\music-rfm-0033.wav,2.38,
pair_01304,data/clean/LibriSpeech\dev-clean\777\126732\777-126732-0049.wav,mixed,data/clean/musan/noise\free-sound\noise-free-sound-0771.wav + data/clean/SESA\train\siren_000.wav,12.16,0.71775
pair_01305,data/clean/LibriSpeech\dev-clean\6313\76958\6313-76958-0020.wav,stationary,data/clean/musan/noise\sound-bible\noise-sound-bible-0009.wav,-4.14,
pair_01306,data/clean/LibriSpeech\dev-clean\5694\64038\5694-64038-0015.wav,impulsive,data/clean/SESA\train\siren_044.wav,2.54,2.9071875
pair_01307,data/clean/LibriSpeech\dev-clean\5895\34629\5895-34629-0019.wav,nonstationary,data/clean/musan/music\rfm\music-rfm-0025.wav,5.64,
pair_01308,data/clean/LibriSpeech\dev-clean\2086\149214\2086-149214-0002.wav,impulsive,data/clean/SESA\train\explosion_165.wav,1.65,1.5986875
pair_01309,data/clean/LibriSpeech\dev-clean\5895\34622\5895-34622-0003.wav,stationary,data/clean/musan/noise\free-sound\noise-free-sound-0313.wav,10.75,
pair_01310,data/clean/LibriSpeech\dev-clean\6345\93302\6345-93302-0003.wav,mixed,data/clean/musan/noise\free-sound\noise-free-sound-0152.wav + data/clean/SESA\train\explosion_023.wav,7.1,1.066125
pair_01311,data/clean/LibriSpeech\dev-clean\1272\135031\1272-135031-0016.wav,mixed,data/clean/musan/noise\free-sound\noise-free-sound-0254.wav + data/clean/SESA\train\explosion_026.wav,7.21,0.6261875
pair_01312,data/clean/LibriSpeech\dev-clean\3752\4943\3752-4943-0028.wav,nonstationary,data/clean/musan/music\fma\music-fma-0039.wav,-2.54,
pair_01313,data/clean/LibriSpeech\dev-clean\251\118436\251-118436-0008.wav,impulsive,data/clean/SESA\test\gunshot_093.wav,6.01,1.5060625
pair_01314,data/clean/LibriSpeech\dev-clean\3752\4943\3752-4943-0010.wav,stationary,data/clean/musan/noise\free-sound\noise-free-sound-0714.wav,10.01,
pair_01315,data/clean/LibriSpeech\dev-clean\7976\105575\7976-105575-0021.wav,mixed,data/clean/musan/noise\free-sound\noise-free-sound-0457.wav + data/clean/SESA\train\gunshot_051.wav,-3.74,0.1074375
pair_01316,data/clean/LibriSpeech\dev-clean\3576\138058\3576-138058-0024.wav,mixed,data/clean/musan/noise\free-sound\noise-free-sound-0758.wav + data/clean/SESA\test\explosion_208.wav,-3.0,10.7611875
pair_01317,data/clean/LibriSpeech\dev-clean\5536\43359\5536-43359-0004.wav,impulsive,data/clean/SESA\train\siren_069.wav,4.89,0.9044375
pair_01318,data/clean/LibriSpeech\dev-clean\652\130726\652-130726-0033.wav,impulsive,data/clean/SESA\train\siren_020.wav,-1.18,0.077625
pair_01319,data/clean/LibriSpeech\dev-clean\1272\141231\1272-141231-0032.wav,mixed,data/clean/musan/noise\free-sound\noise-free-sound-0532.wav + data/clean/SESA\train\explosion_194.wav,1.29,0.3004375
pair_01320,data/clean/LibriSpeech\dev-clean\2902\9008\2902-9008-0009.wav,stationary,data/clean/musan/noise\free-sound\noise-free-sound-0014.wav,1.3,
pair_01321,data/clean/LibriSpeech\dev-clean\3170\137482\3170-137482-0000.wav,mixed,data/clean/musan/noise\sound-bible\noise-sound-bible-0083.wav + data/clean/SESA\train\siren_096.wav,14.89,17.9569375
pair_01322,data/clean/LibriSpeech\dev-clean\8842\302201\8842-302201-0007.wav,stationary,data/clean/musan/noise\free-sound\noise-free-sound-0753.wav,13.12,
pair_01323,data/clean/LibriSpeech\dev-clean\2035\147961\2035-147961-0030.wav,mixed,data/clean/musan/noise\free-sound\noise-free-sound-0004.wav + data/clean/SESA\train\gunshot_088.wav,14.79,0.252625
pair_01324,data/clean/LibriSpeech\dev-clean\8842\302201\8842-302201-0003.wav,nonstationary,data/clean/musan/music\rfm\music-rfm-0028.wav,0.87,
pair_01325,data/clean/LibriSpeech\dev-clean\652\130726\652-130726-0007.wav,mixed,data/clean/musan/noise\free-sound\noise-free-sound-0143.wav + data/clean/SESA\train\siren_076.wav,-1.27,0.36775
pair_01326,data/clean/LibriSpeech\dev-clean\3081\166546\3081-166546-0001.wav,stationary,data/clean/musan/noise\free-sound\noise-free-sound-0584.wav,12.88,
pair_01327,data/clean/LibriSpeech\dev-clean\7850\281318\7850-281318-0019.wav,mixed,data/clean/musan/noise\free-sound\noise-free-sound-0392.wav + data/clean/SESA\train\explosion_015.wav,5.14,2.5725
pair_01328,data/clean/LibriSpeech\dev-clean\2035\147960\2035-147960-0005.wav,nonstationary,data/clean/musan/music\rfm\music-rfm-0032.wav,9.67,
pair_01329,data/clean/LibriSpeech\dev-clean\2035\147960\2035-147960-0006.wav,mixed,data/clean/musan/noise\free-sound\noise-free-sound-0742.wav + data/clean/SESA\train\siren_041.wav,10.26,0.2889375
pair_01330,data/clean/LibriSpeech\dev-clean\174\168635\174-168635-0008.wav,stationary,data/clean/musan/noise\free-sound\noise-free-sound-0661.wav,11.46,
pair_01331,data/clean/LibriSpeech\dev-clean\652\129742\652-129742-0011.wav,mixed,data/clean/musan/noise\free-sound\noise-free-sound-0775.wav + data/clean/SESA\train\explosion_070.wav,-3.98,1.3510625
pair_01332,data/clean/LibriSpeech\dev-clean\3536\8226\3536-8226-0002.wav,mixed,data/clean/musan/noise\free-sound\noise-free-sound-0826.wav + data/clean/SESA\train\explosion_102.wav,-2.69,0.2166875
pair_01333,data/clean/LibriSpeech\dev-clean\2078\142845\2078-142845-0040.wav,stationary,data/clean/musan/noise\sound-bible\noise-sound-bible-0065.wav,12.37,
pair_01334,data/clean/LibriSpeech\dev-clean\8842\302201\8842-302201-0003.wav,mixed,data/clean/musan/noise\free-sound\noise-free-sound-0243.wav + data/clean/SESA\train\explosion_144.wav,13.73,1.94525
pair_01335,data/clean/LibriSpeech\dev-clean\2086\149220\2086-149220-0020.wav,impulsive,data/clean/SESA\test\explosion_040.wav,4.87,1.3845625
pair_01336,data/clean/LibriSpeech\dev-clean\8297\275156\8297-275156-0008.wav,mixed,data/clean/musan/noise\free-sound\noise-free-sound-0169.wav + data/clean/SESA\test\siren_086.wav,-3.04,3.36825
pair_01337,data/clean/LibriSpeech\dev-clean\3170\137482\3170-137482-0040.wav,stationary,data/clean/musan/noise\free-sound\noise-free-sound-0694.wav,13.45,
pair_01338,data/clean/LibriSpeech\dev-clean\8842\304647\8842-304647-0004.wav,stationary,data/clean/musan/noise\free-sound\noise-free-sound-0480.wav,0.99,
pair_01339,data/clean/LibriSpeech\dev-clean\5338\24615\5338-24615-0004.wav,mixed,data/clean/musan/noise\free-sound\noise-free-sound-0522.wav + data/clean/SESA\train\gunshot_028.wav,2.68,6.3955625
pair_01340,data/clean/LibriSpeech\dev-clean\7976\105575\7976-105575-0023.wav,mixed,data/clean/musan/noise\free-sound\noise-free-sound-0795.wav + data/clean/SESA\train\gunshot_079.wav,14.75,0.8433125
pair_01341,data/clean/LibriSpeech\dev-clean\8842\302201\8842-302201-0008.wav,mixed,data/clean/musan/noise\free-sound\noise-free-sound-0733.wav + data/clean/SESA\train\explosion_190.wav,12.72,4.317
pair_01342,data/clean/LibriSpeech\dev-clean\2078\142845\2078-142845-0048.wav,mixed,data/clean/musan/noise\free-sound\noise-free-sound-0603.wav + data/clean/SESA\train\gunshot_081.wav,1.9,1.0041875
pair_01343,data/clean/LibriSpeech\dev-clean\3081\166546\3081-166546-0013.wav,stationary,data/clean/musan/noise\free-sound\noise-free-sound-0449.wav,13.98,
pair_01344,data/clean/LibriSpeech\dev-clean\1462\170138\1462-170138-0013.wav,stationary,data/clean/musan/noise\free-sound\noise-free-sound-0199.wav,-2.57,
pair_01345,data/clean/LibriSpeech\dev-clean\8842\302201\8842-302201-0005.wav,impulsive,data/clean/SESA\train\siren_010.wav,1.04,3.0619375
pair_01346,data/clean/LibriSpeech\dev-clean\8842\302196\8842-302196-0006.wav,stationary,data/clean/musan/noise\free-sound\noise-free-sound-0466.wav,13.05,
pair_01347,data/clean/LibriSpeech\dev-clean\5895\34615\5895-34615-0011.wav,impulsive,data/clean/SESA\train\explosion_143.wav,-0.05,1.104625
pair_01348,data/clean/LibriSpeech\dev-clean\8842\304647\8842-304647-0009.wav,impulsive,data/clean/SESA\train\siren_064.wav,-3.32,2.60725
pair_01349,data/clean/LibriSpeech\dev-clean\1462\170145\1462-170145-0017.wav,impulsive,data/clean/SESA\train\explosion_122.wav,6.62,1.3029375
pair_01350,data/clean/LibriSpeech\dev-clean\5895\34629\5895-34629-0000.wav,impulsive,data/clean/SESA\train\gunshot_012.wav,14.47,0.7295625
pair_01351,data/clean/LibriSpeech\dev-clean\2803\154320\2803-154320-0005.wav,nonstationary,data/clean/musan/music\hd-classical\music-hd-0004.wav,7.34,
pair_01352,data/clean/LibriSpeech\dev-clean\3081\166546\3081-166546-0056.wav,nonstationary,data/clean/musan/music\fma\music-fma-0124.wav,-0.64,
pair_01353,data/clean/LibriSpeech\dev-clean\1988\147956\1988-147956-0023.wav,mixed,data/clean/musan/noise\free-sound\noise-free-sound-0248.wav + data/clean/SESA\train\explosion_167.wav,14.76,0.0744375
pair_01354,data/clean/LibriSpeech\dev-clean\174\50561\174-50561-0003.wav,nonstationary,data/clean/musan/music\jamendo\music-jamendo-0096.wav,-1.26,
pair_01355,data/clean/LibriSpeech\dev-clean\3752\4943\3752-4943-0003.wav,stationary,data/clean/musan/noise\free-sound\noise-free-sound-0468.wav,7.82,
pair_01356,data/clean/LibriSpeech\dev-clean\6295\64301\6295-64301-0013.wav,nonstationary,data/clean/musan/music\jamendo\music-jamendo-0113.wav,-2.53,
pair_01357,data/clean/LibriSpeech\dev-clean\1272\141231\1272-141231-0004.wav,stationary,data/clean/musan/noise\free-sound\noise-free-sound-0312.wav,5.77,
pair_01358,data/clean/LibriSpeech\dev-clean\2035\147961\2035-147961-0024.wav,stationary,data/clean/musan/noise\free-sound\noise-free-sound-0269.wav,7.49,
pair_01359,data/clean/LibriSpeech\dev-clean\84\121123\84-121123-0021.wav,stationary,data/clean/musan/noise\free-sound\noise-free-sound-0470.wav,3.51,
pair_01360,data/clean/LibriSpeech\dev-clean\777\126732\777-126732-0009.wav,nonstationary,data/clean/musan/music\hd-classical\music-hd-0004.wav,-3.62,
pair_01361,data/clean/LibriSpeech\dev-clean\2803\154328\2803-154328-0023.wav,nonstationary,data/clean/musan/music\rfm\music-rfm-0099.wav,3.87,
pair_01362,data/clean/LibriSpeech\dev-clean\1919\142785\1919-142785-0009.wav,mixed,data/clean/musan/noise\free-sound\noise-free-sound-0786.wav + data/clean/SESA\train\siren_098.wav,8.59,0.097375
pair_01363,data/clean/LibriSpeech\dev-clean\174\168635\174-168635-0007.wav,mixed,data/clean/musan/noise\free-sound\noise-free-sound-0263.wav + data/clean/SESA\train\explosion_184.wav,0.45,5.1950625
pair_01364,data/clean/LibriSpeech\dev-clean\6319\64726\6319-64726-0005.wav,stationary,data/clean/musan/noise\free-sound\noise-free-sound-0283.wav,7.94,
pair_01365,data/clean/LibriSpeech\dev-clean\422\122949\422-122949-0033.wav,nonstationary,data/clean/musan/music\hd-classical\music-hd-0016.wav,0.63,
pair_01366,data/clean/LibriSpeech\dev-clean\6319\64726\6319-64726-0017.wav,mixed,data/clean/musan/noise\free-sound\noise-free-sound-0631.wav + data/clean/SESA\train\explosion_038.wav,0.98,0.7883125
pair_01367,data/clean/LibriSpeech\dev-clean\3853\163249\3853-163249-0032.wav,impulsive,data/clean/SESA\train\gunshot_069.wav,6.43,2.484875
pair_01368,data/clean/LibriSpeech\dev-clean\7850\281318\7850-281318-0020.wav,stationary,data/clean/musan/noise\free-sound\noise-free-sound-0441.wav,10.83,
pair_01369,data/clean/LibriSpeech\dev-clean\6313\66129\6313-66129-0026.wav,stationary,data/clean/musan/noise\free-sound\noise-free-sound-0227.wav,5.95,
pair_01370,data/clean/LibriSpeech\dev-clean\1272\141231\1272-141231-0021.wav,stationary,data/clean/musan/noise\free-sound\noise-free-sound-0456.wav,-1.0,
pair_01371,data/clean/LibriSpeech\dev-clean\5694\64029\5694-64029-0029.wav,mixed,data/clean/musan/noise\sound-bible\noise-sound-bible-0085.wav + data/clean/SESA\train\gunshot_069.wav,11.43,2.1240625
pair_01372,data/clean/LibriSpeech\dev-clean\6241\66616\6241-66616-0017.wav,nonstationary,data/clean/musan/music\rfm\music-rfm-0082.wav,8.71,
pair_01373,data/clean/LibriSpeech\dev-clean\5338\284437\5338-284437-0030.wav,nonstationary,data/clean/musan/music\fma\music-fma-0047.wav,14.62,
pair_01374,data/clean/LibriSpeech\dev-clean\3853\163249\3853-163249-0003.wav,stationary,data/clean/musan/noise\sound-bible\noise-sound-bible-0020.wav,11.19,
pair_01375,data/clean/LibriSpeech\dev-clean\5694\64038\5694-64038-0005.wav,mixed,data/clean/musan/noise\free-sound\noise-free-sound-0693.wav + data/clean/SESA\train\explosion_181.wav,7.06,0.0023125
pair_01376,data/clean/LibriSpeech\dev-clean\2902\9006\2902-9006-0014.wav,mixed,data/clean/musan/noise\free-sound\noise-free-sound-0108.wav + data/clean/SESA\train\gunshot_044.wav,5.69,1.1631875
pair_01377,data/clean/LibriSpeech\dev-clean\3752\4943\3752-4943-0018.wav,impulsive,data/clean/SESA\train\explosion_016.wav,-4.65,0.0184375
pair_01378,data/clean/LibriSpeech\dev-clean\777\126732\777-126732-0036.wav,nonstationary,data/clean/musan/music\fma\music-fma-0052.wav,-1.38,
pair_01379,data/clean/LibriSpeech\dev-clean\8297\275156\8297-275156-0002.wav,impulsive,data/clean/SESA\train\siren_027.wav,3.84,2.7530625
pair_01380,data/clean/LibriSpeech\dev-clean\777\126732\777-126732-0020.wav,stationary,data/clean/musan/noise\free-sound\noise-free-sound-0731.wav,3.26,
pair_01381,data/clean/LibriSpeech\dev-clean\7850\286674\7850-286674-0012.wav,stationary,data/clean/musan/noise\free-sound\noise-free-sound-0321.wav,7.7,
pair_01382,data/clean/LibriSpeech\dev-clean\2277\149896\2277-149896-0006.wav,mixed,data/clean/musan/noise\free-sound\noise-free-sound-0635.wav + data/clean/SESA\train\explosion_089.wav,13.54,1.3014375
pair_01383,data/clean/LibriSpeech\dev-clean\6241\66616\6241-66616-0022.wav,nonstationary,data/clean/musan/music\jamendo\music-jamendo-0002.wav,1.24,
pair_01384,data/clean/LibriSpeech\dev-clean\8297\275156\8297-275156-0003.wav,mixed,data/clean/musan/noise\free-sound\noise-free-sound-0392.wav + data/clean/SESA\test\gunshot_019.wav,8.24,0.0490625
pair_01385,data/clean/LibriSpeech\dev-clean\1993\147965\1993-147965-0007.wav,nonstationary,data/clean/musan/music\hd-classical\music-hd-0042.wav,14.53,
pair_01386,data/clean/LibriSpeech\dev-clean\7850\281318\7850-281318-0001.wav,stationary,data/clean/musan/noise\free-sound\noise-free-sound-0204.wav,14.92,
pair_01387,data/clean/LibriSpeech\dev-clean\5536\43363\5536-43363-0007.wav,mixed,data/clean/musan/noise\free-sound\noise-free-sound-0800.wav + data/clean/SESA\test\siren_086.wav,8.46,0.2769375
pair_01388,data/clean/LibriSpeech\dev-clean\7976\105575\7976-105575-0009.wav,nonstationary,data/clean/musan/music\jamendo\music-jamendo-0023.wav,3.07,
pair_01389,data/clean/LibriSpeech\dev-clean\6295\244435\6295-244435-0011.wav,nonstationary,data/clean/musan/music\rfm\music-rfm-0063.wav,6.51,
pair_01390,data/clean/LibriSpeech\dev-clean\3752\4944\3752-4944-0036.wav,stationary,data/clean/musan/noise\free-sound\noise-free-sound-0738.wav,-2.76,
pair_01391,data/clean/LibriSpeech\dev-clean\84\121123\84-121123-0028.wav,stationary,data/clean/musan/noise\free-sound\noise-free-sound-0717.wav,10.69,
pair_01392,data/clean/LibriSpeech\dev-clean\7976\110523\7976-110523-0019.wav,nonstationary,data/clean/musan/music\jamendo\music-jamendo-0087.wav,-1.8,
pair_01393,data/clean/LibriSpeech\dev-clean\8842\304647\8842-304647-0013.wav,mixed,data/clean/musan/noise\free-sound\noise-free-sound-0186.wav + data/clean/SESA\train\explosion_048.wav,6.32,0.17225
pair_01394,data/clean/LibriSpeech\dev-clean\6241\66616\6241-66616-0022.wav,impulsive,data/clean/SESA\train\explosion_202.wav,10.27,0.7764375
pair_01395,data/clean/LibriSpeech\dev-clean\7850\281318\7850-281318-0003.wav,mixed,data/clean/musan/noise\free-sound\noise-free-sound-0356.wav + data/clean/SESA\train\siren_037.wav,7.21,0.8864375
pair_01396,data/clean/LibriSpeech\dev-clean\1462\170142\1462-170142-0008.wav,stationary,data/clean/musan/noise\free-sound\noise-free-sound-0209.wav,7.98,
pair_01397,data/clean/LibriSpeech\dev-clean\251\118436\251-118436-0006.wav,impulsive,data/clean/SESA\train\explosion_105.wav,8.45,0.3073125
pair_01398,data/clean/LibriSpeech\dev-clean\1462\170142\1462-170142-0024.wav,stationary,data/clean/musan/noise\free-sound\noise-free-sound-0102.wav,9.37,
pair_01399,data/clean/LibriSpeech\dev-clean\3000\15664\3000-15664-0031.wav,stationary,data/clean/musan/noise\free-sound\noise-free-sound-0309.wav,12.06,
pair_01400,data/clean/LibriSpeech\dev-clean\3170\137482\3170-137482-0035.wav,nonstationary,data/clean/musan/music\jamendo\music-jamendo-0182.wav,10.58,
pair_01401,data/clean/LibriSpeech\dev-clean\5895\34622\5895-34622-0007.wav,mixed,data/clean/musan/noise\free-sound\noise-free-sound-0492.wav + data/clean/SESA\train\explosion_008.wav,4.22,0.91825
pair_01402,data/clean/LibriSpeech\dev-clean\3000\15664\3000-15664-0044.wav,impulsive,data/clean/SESA\train\siren_073.wav,12.07,0.102625
pair_01403,data/clean/LibriSpeech\dev-clean\84\121123\84-121123-0015.wav,mixed,data/clean/musan/noise\free-sound\noise-free-sound-0047.wav + data/clean/SESA\train\siren_040.wav,11.32,1.362625
pair_01404,data/clean/LibriSpeech\dev-clean\3853\163249\3853-163249-0006.wav,mixed,data/clean/musan/noise\free-sound\noise-free-sound-0656.wav + data/clean/SESA\train\explosion_206.wav,-1.71,4.1284375
pair_01405,data/clean/LibriSpeech\dev-clean\777\126732\777-126732-0069.wav,nonstationary,data/clean/musan/music\fma\music-fma-0106.wav,5.36,
pair_01406,data/clean/LibriSpeech\dev-clean\6313\76958\6313-76958-0008.wav,mixed,data/clean/musan/noise\free-sound\noise-free-sound-0399.wav + data/clean/SESA\test\explosion_085.wav,0.47,1.0521875
pair_01407,data/clean/LibriSpeech\dev-clean\3170\137482\3170-137482-0046.wav,impulsive,data/clean/SESA\train\explosion_200.wav,12.78,2.0355625
pair_01408,data/clean/LibriSpeech\dev-clean\5694\64038\5694-64038-0003.wav,stationary,data/clean/musan/noise\free-sound\noise-free-sound-0455.wav,10.23,
pair_01409,data/clean/LibriSpeech\dev-clean\1993\147149\1993-147149-0019.wav,impulsive,data/clean/SESA\train\gunshot_005.wav,8.93,0.2263125
pair_01410,data/clean/LibriSpeech\dev-clean\1993\147964\1993-147964-0000.wav,stationary,data/clean/musan/noise\free-sound\noise-free-sound-0092.wav,-4.95,
pair_01411,data/clean/LibriSpeech\dev-clean\1993\147149\1993-147149-0019.wav,impulsive,data/clean/SESA\train\gunshot_056.wav,6.34,1.368375
pair_01412,data/clean/LibriSpeech\dev-clean\7850\286674\7850-286674-0004.wav,impulsive,data/clean/SESA\train\explosion_120.wav,7.75,3.2185625
pair_01413,data/clean/LibriSpeech\dev-clean\251\118436\251-118436-0017.wav,mixed,data/clean/musan/noise\free-sound\noise-free-sound-0591.wav + data/clean/SESA\train\explosion_045.wav,8.15,0.176875
pair_01414,data/clean/LibriSpeech\dev-clean\5694\64025\5694-64025-0016.wav,mixed,data/clean/musan/noise\free-sound\noise-free-sound-0362.wav + data/clean/SESA\train\siren_085.wav,8.19,1.3915
pair_01415,data/clean/LibriSpeech\dev-clean\652\130726\652-130726-0032.wav,impulsive,data/clean/SESA\train\explosion_016.wav,2.59,0.2549375
pair_01416,data/clean/LibriSpeech\dev-clean\5338\284437\5338-284437-0031.wav,impulsive,data/clean/SESA\train\siren_080.wav,6.79,0.0468125
pair_01417,data/clean/LibriSpeech\dev-clean\3170\137482\3170-137482-0025.wav,nonstationary,data/clean/musan/music\rfm\music-rfm-0072.wav,4.43,
pair_01418,data/clean/LibriSpeech\dev-clean\2803\161169\2803-161169-0017.wav,impulsive,data/clean/SESA\train\gunshot_058.wav,4.62,5.862625
pair_01419,data/clean/LibriSpeech\dev-clean\6313\66129\6313-66129-0025.wav,impulsive,data/clean/SESA\train\siren_021.wav,9.61,0.0004375
pair_01420,data/clean/LibriSpeech\dev-clean\7976\110124\7976-110124-0016.wav,impulsive,data/clean/SESA\train\siren_065.wav,-1.6,0.5299375
pair_01421,data/clean/LibriSpeech\dev-clean\1993\147149\1993-147149-0009.wav,impulsive,data/clean/SESA\train\gunshot_049.wav,-4.49,6.82125
pair_01422,data/clean/LibriSpeech\dev-clean\777\126732\777-126732-0034.wav,stationary,data/clean/musan/noise\free-sound\noise-free-sound-0691.wav,5.21,
pair_01423,data/clean/LibriSpeech\dev-clean\2902\9008\2902-9008-0016.wav,mixed,data/clean/musan/noise\free-sound\noise-free-sound-0708.wav + data/clean/SESA\test\explosion_007.wav,0.27,1.559625
pair_01424,data/clean/LibriSpeech\dev-clean\7976\105575\7976-105575-0003.wav,nonstationary,data/clean/musan/music\fma-western-art\music-fma-wa-0048.wav,6.48,
pair_01425,data/clean/LibriSpeech\dev-clean\84\121123\84-121123-0003.wav,mixed,data/clean/musan/noise\free-sound\noise-free-sound-0444.wav + data/clean/SESA\train\siren_026.wav,9.18,0.9681875
pair_01426,data/clean/LibriSpeech\dev-clean\2078\142845\2078-142845-0050.wav,nonstationary,data/clean/musan/music\rfm\music-rfm-0140.wav,-3.73,
pair_01427,data/clean/LibriSpeech\dev-clean\2412\153947\2412-153947-0008.wav,stationary,data/clean/musan/noise\free-sound\noise-free-sound-0466.wav,2.53,
pair_01428,data/clean/LibriSpeech\dev-clean\1462\170142\1462-170142-0026.wav,nonstationary,data/clean/musan/music\jamendo\music-jamendo-0154.wav,4.36,
pair_01429,data/clean/LibriSpeech\dev-clean\5895\34615\5895-34615-0010.wav,impulsive,data/clean/SESA\train\siren_066.wav,1.55,0.8836875
pair_01430,data/clean/LibriSpeech\dev-clean\3536\23268\3536-23268-0023.wav,stationary,data/clean/musan/noise\free-sound\noise-free-sound-0221.wav,14.27,
pair_01431,data/clean/LibriSpeech\dev-clean\6241\61943\6241-61943-0001.wav,impulsive,data/clean/SESA\train\gunshot_030.wav,3.3,1.0465625
pair_01432,data/clean/LibriSpeech\dev-clean\5694\64038\5694-64038-0000.wav,nonstationary,data/clean/musan/music\rfm\music-rfm-0073.wav,2.2,
pair_01433,data/clean/LibriSpeech\dev-clean\2277\149897\2277-149897-0030.wav,mixed,data/clean/musan/noise\free-sound\noise-free-sound-0750.wav + data/clean/SESA\train\explosion_133.wav,5.92,0.9864375
pair_01434,data/clean/LibriSpeech\dev-clean\3853\163249\3853-163249-0024.wav,nonstationary,data/clean/musan/music\rfm\music-rfm-0031.wav,3.55,
pair_01435,data/clean/LibriSpeech\dev-clean\8297\275154\8297-275154-0020.wav,nonstationary,data/clean/musan/music\fma\music-fma-0087.wav,-0.82,
pair_01436,data/clean/LibriSpeech\dev-clean\2902\9006\2902-9006-0011.wav,mixed,data/clean/musan/noise\free-sound\noise-free-sound-0114.wav + data/clean/SESA\train\explosion_134.wav,12.18,1.48075
pair_01437,data/clean/LibriSpeech\dev-clean\3576\138058\3576-138058-0016.wav,mixed,data/clean/musan/noise\free-sound\noise-free-sound-0109.wav + data/clean/SESA\train\siren_076.wav,10.72,3.267125
pair_01438,data/clean/LibriSpeech\dev-clean\7976\105575\7976-105575-0004.wav,mixed,data/clean/musan/noise\free-sound\noise-free-sound-0300.wav + data/clean/SESA\train\siren_031.wav,-4.09,0.497625
pair_01439,data/clean/LibriSpeech\dev-clean\2078\142845\2078-142845-0047.wav,mixed,data/clean/musan/noise\free-sound\noise-free-sound-0535.wav + data/clean/SESA\train\siren_090.wav,-3.75,3.4864375
pair_01440,data/clean/LibriSpeech\dev-clean\422\122949\422-122949-0031.wav,nonstationary,data/clean/musan/music\fma\music-fma-0074.wav,9.9,
pair_01441,data/clean/LibriSpeech\dev-clean\2035\152373\2035-152373-0012.wav,impulsive,data/clean/SESA\train\explosion_166.wav,9.19,4.22125
pair_01442,data/clean/LibriSpeech\dev-clean\6295\64301\6295-64301-0005.wav,mixed,data/clean/musan/noise\free-sound\noise-free-sound-0025.wav + data/clean/SESA\train\explosion_076.wav,-0.97,1.451875
pair_01443,data/clean/LibriSpeech\dev-clean\7976\105575\7976-105575-0011.wav,nonstationary,data/clean/musan/music\jamendo\music-jamendo-0215.wav,8.19,
pair_01444,data/clean/LibriSpeech\dev-clean\1919\142785\1919-142785-0023.wav,impulsive,data/clean/SESA\train\siren_002.wav,-1.22,1.395625
pair_01445,data/clean/LibriSpeech\dev-clean\3576\138058\3576-138058-0022.wav,stationary,data/clean/musan/noise\free-sound\noise-free-sound-0814.wav,7.12,
pair_01446,data/clean/LibriSpeech\dev-clean\2035\147960\2035-147960-0014.wav,impulsive,data/clean/SESA\train\gunshot_048.wav,2.83,1.38525
pair_01447,data/clean/LibriSpeech\dev-clean\3170\137482\3170-137482-0004.wav,impulsive,data/clean/SESA\train\explosion_044.wav,12.8,1.7969375
pair_01448,data/clean/LibriSpeech\dev-clean\1993\147149\1993-147149-0011.wav,stationary,data/clean/musan/noise\free-sound\noise-free-sound-0700.wav,10.57,
pair_01449,data/clean/LibriSpeech\dev-clean\3081\166546\3081-166546-0078.wav,nonstationary,data/clean/musan/music\fma-western-art\music-fma-wa-0006.wav,2.05,
pair_01450,data/clean/LibriSpeech\dev-clean\6295\64301\6295-64301-0014.wav,mixed,data/clean/musan/noise\free-sound\noise-free-sound-0672.wav + data/clean/SESA\train\gunshot_051.wav,8.56,0.80775
pair_01451,data/clean/LibriSpeech\dev-clean\1988\147956\1988-147956-0029.wav,impulsive,data/clean/SESA\test\explosion_186.wav,-3.04,2.26
pair_01452,data/clean/LibriSpeech\dev-clean\6241\66616\6241-66616-0023.wav,mixed,data/clean/musan/noise\free-sound\noise-free-sound-0780.wav + data/clean/SESA\train\explosion_109.wav,4.12,0.1364375
pair_01453,data/clean/LibriSpeech\dev-clean\1988\24833\1988-24833-0026.wav,impulsive,data/clean/SESA\train\siren_023.wav,2.86,0.410375
pair_01454,data/clean/LibriSpeech\dev-clean\5895\34629\5895-34629-0001.wav,nonstationary,data/clean/musan/music\jamendo\music-jamendo-0139.wav,8.74,
pair_01455,data/clean/LibriSpeech\dev-clean\1462\170138\1462-170138-0002.wav,stationary,data/clean/musan/noise\free-sound\noise-free-sound-0451.wav,5.63,
pair_01456,data/clean/LibriSpeech\dev-clean\1462\170138\1462-170138-0025.wav,impulsive,data/clean/SESA\train\explosion_075.wav,-3.89,0.14325
pair_01457,data/clean/LibriSpeech\dev-clean\3536\8226\3536-8226-0028.wav,stationary,data/clean/musan/noise\free-sound\noise-free-sound-0294.wav,14.68,
pair_01458,data/clean/LibriSpeech\dev-clean\777\126732\777-126732-0072.wav,impulsive,data/clean/SESA\test\explosion_140.wav,8.05,0.8935
pair_01459,data/clean/LibriSpeech\dev-clean\2412\153947\2412-153947-0016.wav,nonstationary,data/clean/musan/music\jamendo\music-jamendo-0107.wav,5.69,
pair_01460,data/clean/LibriSpeech\dev-clean\6295\64301\6295-64301-0030.wav,impulsive,data/clean/SESA\train\gunshot_089.wav,14.92,2.3568125
pair_01461,data/clean/LibriSpeech\dev-clean\2035\152373\2035-152373-0005.wav,nonstationary,data/clean/musan/music\fma\music-fma-0036.wav,10.92,
pair_01462,data/clean/LibriSpeech\dev-clean\3081\166546\3081-166546-0067.wav,mixed,data/clean/musan/noise\free-sound\noise-free-sound-0188.wav + data/clean/SESA\test\explosion_063.wav,-0.58,0.926875
pair_01463,data/clean/LibriSpeech\dev-clean\2277\149896\2277-149896-0019.wav,stationary,data/clean/musan/noise\free-sound\noise-free-sound-0678.wav,-0.87,
pair_01464,data/clean/LibriSpeech\dev-clean\8297\275155\8297-275155-0010.wav,nonstationary,data/clean/musan/music\rfm\music-rfm-0042.wav,14.49,
pair_01465,data/clean/LibriSpeech\dev-clean\5338\284437\5338-284437-0010.wav,stationary,data/clean/musan/noise\free-sound\noise-free-sound-0814.wav,8.53,
pair_01466,data/clean/LibriSpeech\dev-clean\1272\128104\1272-128104-0014.wav,mixed,data/clean/musan/noise\sound-bible\noise-sound-bible-0023.wav + data/clean/SESA\train\siren_075.wav,2.32,0.0783125
pair_01467,data/clean/LibriSpeech\dev-clean\174\84280\174-84280-0002.wav,stationary,data/clean/musan/noise\free-sound\noise-free-sound-0685.wav,-4.41,
pair_01468,data/clean/LibriSpeech\dev-clean\84\121550\84-121550-0011.wav,stationary,data/clean/musan/noise\free-sound\noise-free-sound-0458.wav,-4.75,
pair_01469,data/clean/LibriSpeech\dev-clean\3576\138058\3576-138058-0012.wav,nonstationary,data/clean/musan/music\fma\music-fma-0061.wav,6.0,
pair_01470,data/clean/LibriSpeech\dev-clean\251\136532\251-136532-0005.wav,impulsive,data/clean/SESA\train\siren_031.wav,12.75,1.0823125
pair_01471,data/clean/LibriSpeech\dev-clean\6241\61946\6241-61946-0017.wav,stationary,data/clean/musan/noise\free-sound\noise-free-sound-0618.wav,8.15,
pair_01472,data/clean/LibriSpeech\dev-clean\6345\93306\6345-93306-0010.wav,stationary,data/clean/musan/noise\free-sound\noise-free-sound-0834.wav,1.52,
pair_01473,data/clean/LibriSpeech\dev-clean\2277\149874\2277-149874-0011.wav,impulsive,data/clean/SESA\train\siren_012.wav,-1.39,0.7043125
pair_01474,data/clean/LibriSpeech\dev-clean\8842\302196\8842-302196-0012.wav,impulsive,data/clean/SESA\train\explosion_104.wav,13.19,2.27125
pair_01475,data/clean/LibriSpeech\dev-clean\2803\154328\2803-154328-0022.wav,stationary,data/clean/musan/noise\free-sound\noise-free-sound-0603.wav,9.11,
pair_01476,data/clean/LibriSpeech\dev-clean\7976\110523\7976-110523-0015.wav,nonstationary,data/clean/musan/music\hd-classical\music-hd-0049.wav,0.7,
pair_01477,data/clean/LibriSpeech\dev-clean\5536\43363\5536-43363-0002.wav,stationary,data/clean/musan/noise\free-sound\noise-free-sound-0224.wav,1.65,
pair_01478,data/clean/LibriSpeech\dev-clean\2902\9006\2902-9006-0018.wav,stationary,data/clean/musan/noise\free-sound\noise-free-sound-0096.wav,5.74,
pair_01479,data/clean/LibriSpeech\dev-clean\1462\170145\1462-170145-0022.wav,impulsive,data/clean/SESA\train\explosion_091.wav,3.3,0.8884375
pair_01480,data/clean/LibriSpeech\dev-clean\1919\142785\1919-142785-0041.wav,impulsive,data/clean/SESA\train\explosion_133.wav,2.45,2.0035
pair_01481,data/clean/LibriSpeech\dev-clean\5338\24615\5338-24615-0007.wav,nonstationary,data/clean/musan/music\jamendo\music-jamendo-0132.wav,10.86,
pair_01482,data/clean/LibriSpeech\dev-clean\3081\166546\3081-166546-0071.wav,mixed,data/clean/musan/noise\free-sound\noise-free-sound-0060.wav + data/clean/SESA\train\explosion_169.wav,2.06,1.8786875
pair_01483,data/clean/LibriSpeech\dev-clean\2902\9006\2902-9006-0020.wav,stationary,data/clean/musan/noise\free-sound\noise-free-sound-0631.wav,12.52,
pair_01484,data/clean/LibriSpeech\dev-clean\84\121123\84-121123-0003.wav,nonstationary,data/clean/musan/music\jamendo\music-jamendo-0027.wav,-3.09,
pair_01485,data/clean/LibriSpeech\dev-clean\1993\147149\1993-147149-0016.wav,stationary,data/clean/musan/noise\free-sound\noise-free-sound-0790.wav,12.22,
pair_01486,data/clean/LibriSpeech\dev-clean\2086\149220\2086-149220-0030.wav,impulsive,data/clean/SESA\train\explosion_146.wav,-3.12,0.074625
pair_01487,data/clean/LibriSpeech\dev-clean\5694\64025\5694-64025-0019.wav,stationary,data/clean/musan/noise\free-sound\noise-free-sound-0231.wav,-3.48,
pair_01488,data/clean/LibriSpeech\dev-clean\6313\76958\6313-76958-0027.wav,mixed,data/clean/musan/noise\free-sound\noise-free-sound-0824.wav + data/clean/SESA\train\gunshot_049.wav,-4.23,0.033875
pair_01489,data/clean/LibriSpeech\dev-clean\6241\61946\6241-61946-0013.wav,mixed,data/clean/musan/noise\free-sound\noise-free-sound-0778.wav + data/clean/SESA\train\explosion_016.wav,6.66,2.93725
pair_01490,data/clean/LibriSpeech\dev-clean\3000\15664\3000-15664-0036.wav,nonstationary,data/clean/musan/music\jamendo\music-jamendo-0002.wav,9.21,
pair_01491,data/clean/LibriSpeech\dev-clean\5338\284437\5338-284437-0001.wav,impulsive,data/clean/SESA\train\gunshot_051.wav,-4.32,5.614375
pair_01492,data/clean/LibriSpeech\dev-clean\1462\170138\1462-170138-0024.wav,mixed,data/clean/musan/noise\free-sound\noise-free-sound-0691.wav + data/clean/SESA\train\siren_080.wav,0.54,2.82075
pair_01493,data/clean/LibriSpeech\dev-clean\6319\275224\6319-275224-0008.wav,nonstationary,data/clean/musan/music\jamendo\music-jamendo-0205.wav,5.92,
pair_01494,data/clean/LibriSpeech\dev-clean\6313\66125\6313-66125-0010.wav,impulsive,data/clean/SESA\train\explosion_066.wav,3.5,1.895375
pair_01495,data/clean/LibriSpeech\dev-clean\1272\135031\1272-135031-0017.wav,mixed,data/clean/musan/noise\free-sound\noise-free-sound-0250.wav + data/clean/SESA\train\siren_016.wav,-3.68,2.42175
pair_01496,data/clean/LibriSpeech\dev-clean\5895\34615\5895-34615-0015.wav,impulsive,data/clean/SESA\train\explosion_118.wav,0.11,1.572125
pair_01497,data/clean/LibriSpeech\dev-clean\3853\163249\3853-163249-0003.wav,nonstationary,data/clean/musan/music\fma-western-art\music-fma-wa-0065.wav,5.48,
pair_01498,data/clean/LibriSpeech\dev-clean\2277\149896\2277-149896-0014.wav,mixed,data/clean/musan/noise\free-sound\noise-free-sound-0489.wav + data/clean/SESA\train\siren_068.wav,14.99,1.5605
pair_01499,data/clean/LibriSpeech\dev-clean\3536\8226\3536-8226-0009.wav,nonstationary,data/clean/musan/music\rfm\music-rfm-0023.wav,5.4,
pair_01500,data/clean/LibriSpeech\dev-clean\422\122949\422-122949-0032.wav,stationary,data/clean/musan/noise\free-sound\noise-free-sound-0177.wav,8.97,
pair_01501,data/clean/LibriSpeech\dev-clean\3853\163249\3853-163249-0038.wav,nonstationary,data/clean/musan/music\jamendo\music-jamendo-0067.wav,12.18,
pair_01502,data/clean/LibriSpeech\dev-clean\5536\43358\5536-43358-0000.wav,nonstationary,data/clean/musan/music\jamendo\music-jamendo-0113.wav,1.23,
pair_01503,data/clean/LibriSpeech\dev-clean\5694\64029\5694-64029-0003.wav,mixed,data/clean/musan/noise\free-sound\noise-free-sound-0478.wav + data/clean/SESA\train\siren_073.wav,11.9,0.028
pair_01504,data/clean/LibriSpeech\dev-clean\8297\275155\8297-275155-0004.wav,nonstationary,data/clean/musan/music\fma\music-fma-0069.wav,13.83,
pair_01505,data/clean/LibriSpeech\dev-clean\6313\66125\6313-66125-0011.wav,stationary,data/clean/musan/noise\free-sound\noise-free-sound-0363.wav,-2.48,
pair_01506,data/clean/LibriSpeech\dev-clean\8297\275155\8297-275155-0012.wav,impulsive,data/clean/SESA\train\explosion_021.wav,4.26,0.256125
pair_01507,data/clean/LibriSpeech\dev-clean\2803\154320\2803-154320-0004.wav,nonstationary,data/clean/musan/music\hd-classical\music-hd-0013.wav,6.22,
pair_01508,data/clean/LibriSpeech\dev-clean\1272\135031\1272-135031-0021.wav,nonstationary,data/clean/musan/music\jamendo\music-jamendo-0083.wav,11.86,
pair_01509,data/clean/LibriSpeech\dev-clean\5694\64029\5694-64029-0018.wav,mixed,data/clean/musan/noise\free-sound\noise-free-sound-0485.wav + data/clean/SESA\train\explosion_006.wav,12.2,0.29525
pair_01510,data/clean/LibriSpeech\dev-clean\2902\9008\2902-9008-0003.wav,stationary,data/clean/musan/noise\free-sound\noise-free-sound-0633.wav,0.91,
pair_01511,data/clean/LibriSpeech\dev-clean\5338\284437\5338-284437-0002.wav,mixed,data/clean/musan/noise\free-sound\noise-free-sound-0595.wav + data/clean/SESA\train\explosion_099.wav,4.37,1.0461875
pair_01512,data/clean/LibriSpeech\dev-clean\2412\153948\2412-153948-0012.wav,impulsive,data/clean/SESA\train\explosion_018.wav,11.46,0.646
pair_01513,data/clean/LibriSpeech\dev-clean\652\129742\652-129742-0015.wav,mixed,data/clean/musan/noise\free-sound\noise-free-sound-0793.wav + data/clean/SESA\train\siren_092.wav,12.69,3.857875
pair_01514,data/clean/LibriSpeech\dev-clean\777\126732\777-126732-0053.wav,stationary,data/clean/musan/noise\free-sound\noise-free-sound-0749.wav,11.95,
pair_01515,data/clean/LibriSpeech\dev-clean\3853\163249\3853-163249-0030.wav,impulsive,data/clean/SESA\train\gunshot_036.wav,-3.32,2.51475
pair_01516,data/clean/LibriSpeech\dev-clean\5895\34615\5895-34615-0014.wav,stationary,data/clean/musan/noise\sound-bible\noise-sound-bible-0083.wav,2.58,
pair_01517,data/clean/LibriSpeech\dev-clean\1272\135031\1272-135031-0020.wav,mixed,data/clean/musan/noise\sound-bible\noise-sound-bible-0050.wav + data/clean/SESA\test\explosion_164.wav,-0.5,1.9515
pair_01518,data/clean/LibriSpeech\dev-clean\3853\163249\3853-163249-0039.wav,mixed,data/clean/musan/noise\free-sound\noise-free-sound-0750.wav + data/clean/SESA\test\siren_102.wav,12.32,0.1886875
pair_01519,data/clean/LibriSpeech\dev-clean\6319\275224\6319-275224-0011.wav,stationary,data/clean/musan/noise\free-sound\noise-free-sound-0664.wav,5.72,
pair_01520,data/clean/LibriSpeech\dev-clean\5694\64029\5694-64029-0025.wav,stationary,data/clean/musan/noise\free-sound\noise-free-sound-0038.wav,-4.48,
pair_01521,data/clean/LibriSpeech\dev-clean\3752\4944\3752-4944-0027.wav,impulsive,data/clean/SESA\test\gunshot_032.wav,12.54,4.5964375
pair_01522,data/clean/LibriSpeech\dev-clean\174\168635\174-168635-0019.wav,mixed,data/clean/musan/noise\free-sound\noise-free-sound-0652.wav + data/clean/SESA\train\explosion_070.wav,11.81,0.808125
pair_01523,data/clean/LibriSpeech\dev-clean\6295\244435\6295-244435-0020.wav,nonstationary,data/clean/musan/music\rfm\music-rfm-0061.wav,5.99,
pair_01524,data/clean/LibriSpeech\dev-clean\1272\135031\1272-135031-0024.wav,nonstationary,data/clean/musan/music\rfm\music-rfm-0034.wav,-1.0,
pair_01525,data/clean/LibriSpeech\dev-clean\652\129742\652-129742-0016.wav,stationary,data/clean/musan/noise\sound-bible\noise-sound-bible-0007.wav,3.58,
pair_01526,data/clean/LibriSpeech\dev-clean\3081\166546\3081-166546-0025.wav,mixed,data/clean/musan/noise\free-sound\noise-free-sound-0307.wav + data/clean/SESA\train\gunshot_092.wav,2.8,1.0165
pair_01527,data/clean/LibriSpeech\dev-clean\5895\34629\5895-34629-0028.wav,stationary,data/clean/musan/noise\free-sound\noise-free-sound-0547.wav,4.92,
pair_01528,data/clean/LibriSpeech\dev-clean\3000\15664\3000-15664-0027.wav,mixed,data/clean/musan/noise\free-sound\noise-free-sound-0214.wav + data/clean/SESA\train\explosion_026.wav,-3.8,0.9381875
pair_01529,data/clean/LibriSpeech\dev-clean\652\130726\652-130726-0025.wav,impulsive,data/clean/SESA\train\explosion_181.wav,8.3,0.6489375
pair_01530,data/clean/LibriSpeech\dev-clean\2803\161169\2803-161169-0004.wav,impulsive,data/clean/SESA\train\siren_031.wav,11.35,1.205375
pair_01531,data/clean/LibriSpeech\dev-clean\1993\147966\1993-147966-0006.wav,stationary,data/clean/musan/noise\free-sound\noise-free-sound-0308.wav,13.51,
pair_01532,data/clean/LibriSpeech\dev-clean\8842\302201\8842-302201-0002.wav,impulsive,data/clean/SESA\train\gunshot_097.wav,4.1,1.597
pair_01533,data/clean/LibriSpeech\dev-clean\422\122949\422-122949-0019.wav,mixed,data/clean/musan/noise\free-sound\noise-free-sound-0293.wav + data/clean/SESA\train\explosion_026.wav,-0.86,0.652
pair_01534,data/clean/LibriSpeech\dev-clean\3081\166546\3081-166546-0059.wav,mixed,data/clean/musan/noise\free-sound\noise-free-sound-0321.wav + data/clean/SESA\train\explosion_149.wav,8.86,2.1066875
pair_01535,data/clean/LibriSpeech\dev-clean\777\126732\777-126732-0048.wav,nonstationary,data/clean/musan/music\jamendo\music-jamendo-0044.wav,11.2,
pair_01536,data/clean/LibriSpeech\dev-clean\3752\4943\3752-4943-0018.wav,impulsive,data/clean/SESA\train\explosion_165.wav,11.15,0.039375
pair_01537,data/clean/LibriSpeech\dev-clean\2078\142845\2078-142845-0037.wav,mixed,data/clean/musan/noise\free-sound\noise-free-sound-0390.wav + data/clean/SESA\train\gunshot_077.wav,3.91,5.48775
pair_01538,data/clean/LibriSpeech\dev-clean\2035\147960\2035-147960-0009.wav,impulsive,data/clean/SESA\train\explosion_015.wav,9.6,0.8518125
pair_01539,data/clean/LibriSpeech\dev-clean\251\136532\251-136532-0002.wav,impulsive,data/clean/SESA\train\siren_103.wav,-1.94,2.97975
pair_01540,data/clean/LibriSpeech\dev-clean\1993\147965\1993-147965-0000.wav,impulsive,data/clean/SESA\train\explosion_111.wav,-1.34,0.8916875
pair_01541,data/clean/LibriSpeech\dev-clean\84\121550\84-121550-0030.wav,impulsive,data/clean/SESA\train\explosion_093.wav,-2.49,1.6016875
pair_01542,data/clean/LibriSpeech\dev-clean\6319\57405\6319-57405-0002.wav,nonstationary,data/clean/musan/music\jamendo\music-jamendo-0132.wav,13.22,
pair_01543,data/clean/LibriSpeech\dev-clean\2428\83699\2428-83699-0009.wav,mixed,data/clean/musan/noise\free-sound\noise-free-sound-0662.wav + data/clean/SESA\train\explosion_094.wav,14.15,0.436125
pair_01544,data/clean/LibriSpeech\dev-clean\1919\142785\1919-142785-0046.wav,impulsive,data/clean/SESA\train\explosion_201.wav,0.59,1.151
pair_01545,data/clean/LibriSpeech\dev-clean\174\168635\174-168635-0007.wav,nonstationary,data/clean/musan/music\jamendo\music-jamendo-0000.wav,11.78,
pair_01546,data/clean/LibriSpeech\dev-clean\6345\64257\6345-64257-0013.wav,nonstationary,data/clean/musan/music\jamendo\music-jamendo-0123.wav,13.51,
pair_01547,data/clean/LibriSpeech\dev-clean\3853\163249\3853-163249-0055.wav,impulsive,data/clean/SESA\test\explosion_186.wav,9.16,0.0186875
pair_01548,data/clean/LibriSpeech\dev-clean\6313\66129\6313-66129-0024.wav,mixed,data/clean/musan/noise\free-sound\noise-free-sound-0804.wav + data/clean/SESA\train\siren_024.wav,8.63,0.7265625
pair_01549,data/clean/LibriSpeech\dev-clean\422\122949\422-122949-0024.wav,impulsive,data/clean/SESA\train\explosion_133.wav,2.88,3.3065625
pair_01550,data/clean/LibriSpeech\dev-clean\1462\170142\1462-170142-0005.wav,mixed,data/clean/musan/noise\free-sound\noise-free-sound-0178.wav + data/clean/SESA\train\siren_034.wav,14.07,0.2084375
pair_01551,data/clean/LibriSpeech\dev-clean\2428\83705\2428-83705-0015.wav,impulsive,data/clean/SESA\test\siren_086.wav,3.95,4.9895
pair_01552,data/clean/LibriSpeech\dev-clean\3576\138058\3576-138058-0018.wav,impulsive,data/clean/SESA\test\explosion_085.wav,4.74,4.2310625
pair_01553,data/clean/LibriSpeech\dev-clean\6313\66125\6313-66125-0019.wav,nonstationary,data/clean/musan/music\jamendo\music-jamendo-0069.wav,6.11,
pair_01554,data/clean/LibriSpeech\dev-clean\3752\4944\3752-4944-0065.wav,impulsive,data/clean/SESA\train\gunshot_053.wav,5.77,0.3905625
pair_01555,data/clean/LibriSpeech\dev-clean\8297\275155\8297-275155-0000.wav,impulsive,data/clean/SESA\train\gunshot_069.wav,-3.37,6.4319375
pair_01556,data/clean/LibriSpeech\dev-clean\8842\302203\8842-302203-0006.wav,impulsive,data/clean/SESA\test\explosion_031.wav,12.63,0.6181875
pair_01557,data/clean/LibriSpeech\dev-clean\6313\76958\6313-76958-0018.wav,mixed,data/clean/musan/noise\free-sound\noise-free-sound-0217.wav + data/clean/SESA\train\explosion_096.wav,14.15,1.3175625
pair_01558,data/clean/LibriSpeech\dev-clean\3853\163249\3853-163249-0052.wav,impulsive,data/clean/SESA\train\siren_024.wav,14.59,3.073375
pair_01559,data/clean/LibriSpeech\dev-clean\3752\4943\3752-4943-0023.wav,impulsive,data/clean/SESA\train\explosion_016.wav,2.4,0.2379375
pair_01560,data/clean/LibriSpeech\dev-clean\2035\152373\2035-152373-0013.wav,nonstationary,data/clean/musan/music\jamendo\music-jamendo-0161.wav,7.55,
pair_01561,data/clean/LibriSpeech\dev-clean\84\121550\84-121550-0033.wav,mixed,data/clean/musan/noise\free-sound\noise-free-sound-0548.wav + data/clean/SESA\train\explosion_142.wav,8.05,1.1855
pair_01562,data/clean/LibriSpeech\dev-clean\2902\9006\2902-9006-0002.wav,nonstationary,data/clean/musan/music\rfm\music-rfm-0007.wav,10.81,
pair_01563,data/clean/LibriSpeech\dev-clean\6345\93302\6345-93302-0028.wav,nonstationary,data/clean/musan/music\fma\music-fma-0023.wav,-1.37,
pair_01564,data/clean/LibriSpeech\dev-clean\5694\64038\5694-64038-0002.wav,mixed,data/clean/musan/noise\free-sound\noise-free-sound-0137.wav + data/clean/SESA\train\gunshot_028.wav,5.16,0.0321875
pair_01565,data/clean/LibriSpeech\dev-clean\84\121550\84-121550-0002.wav,impulsive,data/clean/SESA\train\explosion_183.wav,1.62,2.08125
pair_01566,data/clean/LibriSpeech\dev-clean\2428\83705\2428-83705-0031.wav,mixed,data/clean/musan/noise\free-sound\noise-free-sound-0208.wav + data/clean/SESA\train\siren_023.wav,-1.95,0.2763125
pair_01567,data/clean/LibriSpeech\dev-clean\6345\64257\6345-64257-0015.wav,nonstationary,data/clean/musan/music\rfm\music-rfm-0014.wav,-0.01,
pair_01568,data/clean/LibriSpeech\dev-clean\174\84280\174-84280-0013.wav,mixed,data/clean/musan/noise\free-sound\noise-free-sound-0072.wav + data/clean/SESA\train\explosion_205.wav,3.04,11.980125
pair_01569,data/clean/LibriSpeech\dev-clean\84\121550\84-121550-0004.wav,nonstationary,data/clean/musan/music\fma\music-fma-0012.wav,10.22,
pair_01570,data/clean/LibriSpeech\dev-clean\84\121550\84-121550-0000.wav,impulsive,data/clean/SESA\test\explosion_189.wav,10.37,2.210625
pair_01571,data/clean/LibriSpeech\dev-clean\2412\153954\2412-153954-0002.wav,stationary,data/clean/musan/noise\free-sound\noise-free-sound-0531.wav,11.49,
pair_01572,data/clean/LibriSpeech\dev-clean\6241\66616\6241-66616-0013.wav,impulsive,data/clean/SESA\train\explosion_139.wav,14.06,2.4084375
pair_01573,data/clean/LibriSpeech\dev-clean\3576\138058\3576-138058-0003.wav,mixed,data/clean/musan/noise\sound-bible\noise-sound-bible-0006.wav + data/clean/SESA\train\gunshot_038.wav,9.38,0.34525
pair_01574,data/clean/LibriSpeech\dev-clean\7976\110124\7976-110124-0009.wav,impulsive,data/clean/SESA\train\explosion_049.wav,14.36,0.34725
pair_01575,data/clean/LibriSpeech\dev-clean\174\168635\174-168635-0011.wav,mixed,data/clean/musan/noise\free-sound\noise-free-sound-0084.wav + data/clean/SESA\test\explosion_025.wav,2.68,2.16775
pair_01576,data/clean/LibriSpeech\dev-clean\8297\275155\8297-275155-0006.wav,impulsive,data/clean/SESA\train\siren_056.wav,-2.74,1.8324375
pair_01577,data/clean/LibriSpeech\dev-clean\1462\170138\1462-170138-0011.wav,stationary,data/clean/musan/noise\free-sound\noise-free-sound-0517.wav,14.84,
pair_01578,data/clean/LibriSpeech\dev-clean\2412\153948\2412-153948-0003.wav,impulsive,data/clean/SESA\train\explosion_055.wav,14.72,0.5968125
pair_01579,data/clean/LibriSpeech\dev-clean\8297\275156\8297-275156-0003.wav,mixed,data/clean/musan/noise\free-sound\noise-free-sound-0516.wav + data/clean/SESA\train\gunshot_013.wav,9.05,0.128
pair_01580,data/clean/LibriSpeech\dev-clean\652\130737\652-130737-0008.wav,stationary,data/clean/musan/noise\free-sound\noise-free-sound-0113.wav,-4.78,
pair_01581,data/clean/LibriSpeech\dev-clean\2035\147960\2035-147960-0010.wav,stationary,data/clean/musan/noise\sound-bible\noise-sound-bible-0070.wav,0.84,
pair_01582,data/clean/LibriSpeech\dev-clean\5536\43359\5536-43359-0003.wav,impulsive,data/clean/SESA\train\gunshot_070.wav,13.86,2.294375
pair_01583,data/clean/LibriSpeech\dev-clean\5536\43359\5536-43359-0005.wav,nonstationary,data/clean/musan/music\rfm\music-rfm-0034.wav,1.79,
pair_01584,data/clean/LibriSpeech\dev-clean\3081\166546\3081-166546-0042.wav,nonstationary,data/clean/musan/music\fma-western-art\music-fma-wa-0037.wav,1.88,
pair_01585,data/clean/LibriSpeech\dev-clean\2902\9008\2902-9008-0005.wav,stationary,data/clean/musan/noise\sound-bible\noise-sound-bible-0053.wav,-2.7,
pair_01586,data/clean/LibriSpeech\dev-clean\174\168635\174-168635-0001.wav,mixed,data/clean/musan/noise\free-sound\noise-free-sound-0824.wav + data/clean/SESA\test\gunshot_100.wav,7.83,2.158125
pair_01587,data/clean/LibriSpeech\dev-clean\6241\61946\6241-61946-0002.wav,impulsive,data/clean/SESA\train\explosion_004.wav,8.8,0.1955
pair_01588,data/clean/LibriSpeech\dev-clean\7850\73752\7850-73752-0011.wav,mixed,data/clean/musan/noise\free-sound\noise-free-sound-0793.wav + data/clean/SESA\train\explosion_062.wav,-3.79,0.8850625
pair_01589,data/clean/LibriSpeech\dev-clean\1462\170142\1462-170142-0007.wav,mixed,data/clean/musan/noise\free-sound\noise-free-sound-0682.wav + data/clean/SESA\train\siren_038.wav,-1.09,0.63275
pair_01590,data/clean/LibriSpeech\dev-clean\2428\83705\2428-83705-0042.wav,nonstationary,data/clean/musan/music\fma\music-fma-0116.wav,12.66,
pair_01591,data/clean/LibriSpeech\dev-clean\8842\302196\8842-302196-0011.wav,impulsive,data/clean/SESA\train\gunshot_028.wav,12.58,0.75225
pair_01592,data/clean/LibriSpeech\dev-clean\1272\141231\1272-141231-0026.wav,impulsive,data/clean/SESA\train\explosion_180.wav,0.68,0.187
pair_01593,data/clean/LibriSpeech\dev-clean\1988\24833\1988-24833-0013.wav,mixed,data/clean/musan/noise\sound-bible\noise-sound-bible-0066.wav + data/clean/SESA\train\gunshot_067.wav,-4.37,4.2913125
pair_01594,data/clean/LibriSpeech\dev-clean\2277\149874\2277-149874-0006.wav,nonstationary,data/clean/musan/music\jamendo\music-jamendo-0200.wav,-1.9,
pair_01595,data/clean/LibriSpeech\dev-clean\2412\153948\2412-153948-0011.wav,mixed,data/clean/musan/noise\free-sound\noise-free-sound-0331.wav + data/clean/SESA\train\explosion_019.wav,9.48,4.85225
pair_01596,data/clean/LibriSpeech\dev-clean\3752\4944\3752-4944-0051.wav,stationary,data/clean/musan/noise\free-sound\noise-free-sound-0356.wav,3.26,
pair_01597,data/clean/LibriSpeech\dev-clean\2277\149896\2277-149896-0004.wav,nonstationary,data/clean/musan/music\fma-western-art\music-fma-wa-0030.wav,0.45,
pair_01598,data/clean/LibriSpeech\dev-clean\7850\281318\7850-281318-0013.wav,mixed,data/clean/musan/noise\free-sound\noise-free-sound-0088.wav + data/clean/SESA\train\explosion_120.wav,-3.07,1.11725
pair_01599,data/clean/LibriSpeech\dev-clean\3853\163249\3853-163249-0030.wav,mixed,data/clean/musan/noise\free-sound\noise-free-sound-0414.wav + data/clean/SESA\train\siren_027.wav,5.1,14.1785
pair_01600,data/clean/LibriSpeech\dev-clean\84\121123\84-121123-0011.wav,nonstationary,data/clean/musan/music\jamendo\music-jamendo-0101.wav,6.24,
pair_01601,data/clean/LibriSpeech\dev-clean\3576\138058\3576-138058-0010.wav,impulsive,data/clean/SESA\test\explosion_057.wav,13.16,4.0665625
pair_01602,data/clean/LibriSpeech\dev-clean\2412\153954\2412-153954-0004.wav,mixed,data/clean/musan/noise\free-sound\noise-free-sound-0217.wav + data/clean/SESA\train\gunshot_044.wav,-4.1,3.059375
pair_01603,data/clean/LibriSpeech\dev-clean\8842\304647\8842-304647-0004.wav,impulsive,data/clean/SESA\test\explosion_088.wav,11.66,0.465375
pair_01604,data/clean/LibriSpeech\dev-clean\1673\143397\1673-143397-0017.wav,mixed,data/clean/musan/noise\free-sound\noise-free-sound-0295.wav + data/clean/SESA\train\gunshot_008.wav,-2.0,0.9224375
pair_01605,data/clean/LibriSpeech\dev-clean\2035\152373\2035-152373-0010.wav,stationary,data/clean/musan/noise\sound-bible\noise-sound-bible-0079.wav,4.51,
pair_01606,data/clean/LibriSpeech\dev-clean\2803\161169\2803-161169-0002.wav,mixed,data/clean/musan/noise\free-sound\noise-free-sound-0480.wav + data/clean/SESA\train\explosion_059.wav,-4.6,1.6
pair_01607,data/clean/LibriSpeech\dev-clean\3853\163249\3853-163249-0004.wav,stationary,data/clean/musan/noise\free-sound\noise-free-sound-0262.wav,-2.77,
pair_01608,data/clean/LibriSpeech\dev-clean\6345\93302\6345-93302-0001.wav,stationary,data/clean/musan/noise\free-sound\noise-free-sound-0008.wav,11.88,
pair_01609,data/clean/LibriSpeech\dev-clean\3752\4944\3752-4944-0068.wav,nonstationary,data/clean/musan/music\jamendo\music-jamendo-0134.wav,2.05,
pair_01610,data/clean/LibriSpeech\dev-clean\3000\15664\3000-15664-0025.wav,nonstationary,data/clean/musan/music\fma-western-art\music-fma-wa-0034.wav,1.4,
pair_01611,data/clean/LibriSpeech\dev-clean\1462\170138\1462-170138-0026.wav,nonstationary,data/clean/musan/music\fma-western-art\music-fma-wa-0062.wav,13.82,
pair_01612,data/clean/LibriSpeech\dev-clean\1272\141231\1272-141231-0030.wav,nonstationary,data/clean/musan/music\fma-western-art\music-fma-wa-0056.wav,-1.08,
pair_01613,data/clean/LibriSpeech\dev-clean\1988\147956\1988-147956-0003.wav,mixed,data/clean/musan/noise\free-sound\noise-free-sound-0243.wav + data/clean/SESA\train\siren_068.wav,5.41,0.22525
pair_01614,data/clean/LibriSpeech\dev-clean\7850\73752\7850-73752-0014.wav,mixed,data/clean/musan/noise\free-sound\noise-free-sound-0168.wav + data/clean/SESA\test\explosion_088.wav,3.39,0.197375
pair_01615,data/clean/LibriSpeech\dev-clean\8297\275154\8297-275154-0022.wav,stationary,data/clean/musan/noise\free-sound\noise-free-sound-0761.wav,8.16,
pair_01616,data/clean/LibriSpeech\dev-clean\1988\24833\1988-24833-0023.wav,impulsive,data/clean/SESA\train\explosion_074.wav,-2.22,0.0149375
pair_01617,data/clean/LibriSpeech\dev-clean\3170\137482\3170-137482-0025.wav,impulsive,data/clean/SESA\train\gunshot_003.wav,14.57,3.7015
pair_01618,data/clean/LibriSpeech\dev-clean\3536\8226\3536-8226-0029.wav,stationary,data/clean/musan/noise\free-sound\noise-free-sound-0462.wav,5.9,
pair_01619,data/clean/LibriSpeech\dev-clean\5895\34629\5895-34629-0015.wav,stationary,data/clean/musan/noise\free-sound\noise-free-sound-0127.wav,9.85,
pair_01620,data/clean/LibriSpeech\dev-clean\5338\284437\5338-284437-0027.wav,mixed,data/clean/musan/noise\free-sound\noise-free-sound-0460.wav + data/clean/SESA\train\explosion_080.wav,-0.66,1.8395
pair_01621,data/clean/LibriSpeech\dev-clean\3081\166546\3081-166546-0021.wav,mixed,data/clean/musan/noise\free-sound\noise-free-sound-0749.wav + data/clean/SESA\train\gunshot_031.wav,3.16,0.679625
pair_01622,data/clean/LibriSpeech\dev-clean\251\137823\251-137823-0015.wav,nonstationary,data/clean/musan/music\fma-western-art\music-fma-wa-0061.wav,-3.47,
pair_01623,data/clean/LibriSpeech\dev-clean\3752\4943\3752-4943-0019.wav,mixed,data/clean/musan/noise\free-sound\noise-free-sound-0213.wav + data/clean/SESA\train\gunshot_021.wav,5.0,0.5701875
pair_01624,data/clean/LibriSpeech\dev-clean\2428\83699\2428-83699-0023.wav,impulsive,data/clean/SESA\train\gunshot_034.wav,-3.08,0.1033125
pair_01625,data/clean/LibriSpeech\dev-clean\1462\170145\1462-170145-0013.wav,mixed,data/clean/musan/noise\sound-bible\noise-sound-bible-0078.wav + data/clean/SESA\test\gunshot_041.wav,2.4,0.8279375
pair_01626,data/clean/LibriSpeech\dev-clean\2428\83705\2428-83705-0014.wav,impulsive,data/clean/SESA\train\explosion_014.wav,14.85,0.1248125
pair_01627,data/clean/LibriSpeech\dev-clean\422\122949\422-122949-0002.wav,nonstationary,data/clean/musan/music\fma-western-art\music-fma-wa-0014.wav,7.89,
pair_01628,data/clean/LibriSpeech\dev-clean\1988\147956\1988-147956-0008.wav,mixed,data/clean/musan/noise\free-sound\noise-free-sound-0358.wav + data/clean/SESA\train\siren_077.wav,7.22,5.152125
pair_01629,data/clean/LibriSpeech\dev-clean\2803\154328\2803-154328-0008.wav,stationary,data/clean/musan/noise\free-sound\noise-free-sound-0435.wav,0.38,
pair_01630,data/clean/LibriSpeech\dev-clean\7850\286674\7850-286674-0014.wav,mixed,data/clean/musan/noise\free-sound\noise-free-sound-0517.wav + data/clean/SESA\test\explosion_103.wav,-2.71,2.9555
pair_01631,data/clean/LibriSpeech\dev-clean\7850\286674\7850-286674-0009.wav,impulsive,data/clean/SESA\train\explosion_163.wav,12.37,0.0565625
pair_01632,data/clean/LibriSpeech\dev-clean\1272\135031\1272-135031-0003.wav,impulsive,data/clean/SESA\train\siren_011.wav,-3.74,0.11875
pair_01633,data/clean/LibriSpeech\dev-clean\2078\142845\2078-142845-0030.wav,nonstationary,data/clean/musan/music\fma\music-fma-0085.wav,10.54,
pair_01634,data/clean/LibriSpeech\dev-clean\1462\170142\1462-170142-0001.wav,impulsive,data/clean/SESA\train\siren_043.wav,-1.2,0.0570625
pair_01635,data/clean/LibriSpeech\dev-clean\7976\105575\7976-105575-0023.wav,nonstationary,data/clean/musan/music\jamendo\music-jamendo-0073.wav,1.08,
pair_01636,data/clean/LibriSpeech\dev-clean\6345\93306\6345-93306-0006.wav,mixed,data/clean/musan/noise\free-sound\noise-free-sound-0013.wav + data/clean/SESA\train\explosion_117.wav,8.71,0.8233125
pair_01637,data/clean/LibriSpeech\dev-clean\6313\66125\6313-66125-0003.wav,impulsive,data/clean/SESA\test\gunshot_091.wav,5.69,0.344375
pair_01638,data/clean/LibriSpeech\dev-clean\3000\15664\3000-15664-0002.wav,mixed,data/clean/musan/noise\free-sound\noise-free-sound-0165.wav + data/clean/SESA\train\siren_103.wav,9.36,0.4198125
pair_01639,data/clean/LibriSpeech\dev-clean\3752\4943\3752-4943-0015.wav,impulsive,data/clean/SESA\train\gunshot_048.wav,1.48,0.00175
pair_01640,data/clean/LibriSpeech\dev-clean\5338\284437\5338-284437-0022.wav,nonstationary,data/clean/musan/music\jamendo\music-jamendo-0127.wav,-4.55,
pair_01641,data/clean/LibriSpeech\dev-clean\1272\128104\1272-128104-0008.wav,stationary,data/clean/musan/noise\free-sound\noise-free-sound-0562.wav,-1.67,
pair_01642,data/clean/LibriSpeech\dev-clean\6313\66125\6313-66125-0027.wav,nonstationary,data/clean/musan/music\hd-classical\music-hd-0030.wav,0.98,
pair_01643,data/clean/LibriSpeech\dev-clean\1673\143397\1673-143397-0008.wav,stationary,data/clean/musan/noise\sound-bible\noise-sound-bible-0012.wav,6.14,
pair_01644,data/clean/LibriSpeech\dev-clean\2428\83699\2428-83699-0016.wav,nonstationary,data/clean/musan/music\hd-classical\music-hd-0061.wav,7.38,
pair_01645,data/clean/LibriSpeech\dev-clean\5536\43358\5536-43358-0007.wav,mixed,data/clean/musan/noise\free-sound\noise-free-sound-0476.wav + data/clean/SESA\train\siren_083.wav,8.92,1.156875
pair_01646,data/clean/LibriSpeech\dev-clean\3170\137482\3170-137482-0033.wav,impulsive,data/clean/SESA\train\gunshot_096.wav,0.58,0.3380625
pair_01647,data/clean/LibriSpeech\dev-clean\5694\64038\5694-64038-0025.wav,stationary,data/clean/musan/noise\free-sound\noise-free-sound-0694.wav,3.51,
pair_01648,data/clean/LibriSpeech\dev-clean\2902\9008\2902-9008-0012.wav,stationary,data/clean/musan/noise\free-sound\noise-free-sound-0821.wav,-2.77,
pair_01649,data/clean/LibriSpeech\dev-clean\1272\128104\1272-128104-0003.wav,nonstationary,data/clean/musan/music\fma\music-fma-0011.wav,-4.63,
pair_01650,data/clean/LibriSpeech\dev-clean\8842\302203\8842-302203-0008.wav,stationary,data/clean/musan/noise\sound-bible\noise-sound-bible-0026.wav,6.48,
pair_01651,data/clean/LibriSpeech\dev-clean\6313\66129\6313-66129-0027.wav,stationary,data/clean/musan/noise\free-sound\noise-free-sound-0436.wav,7.02,
pair_01652,data/clean/LibriSpeech\dev-clean\8842\304647\8842-304647-0000.wav,stationary,data/clean/musan/noise\free-sound\noise-free-sound-0355.wav,12.73,
pair_01653,data/clean/LibriSpeech\dev-clean\3752\4943\3752-4943-0003.wav,nonstationary,data/clean/musan/music\hd-classical\music-hd-0065.wav,5.96,
pair_01654,data/clean/LibriSpeech\dev-clean\2035\147961\2035-147961-0014.wav,stationary,data/clean/musan/noise\free-sound\noise-free-sound-0469.wav,1.92,
pair_01655,data/clean/LibriSpeech\dev-clean\3752\4943\3752-4943-0027.wav,mixed,data/clean/musan/noise\free-sound\noise-free-sound-0019.wav + data/clean/SESA\train\explosion_062.wav,3.89,0.8029375
pair_01656,data/clean/LibriSpeech\dev-clean\1993\147965\1993-147965-0004.wav,nonstationary,data/clean/musan/music\jamendo\music-jamendo-0148.wav,-1.29,
pair_01657,data/clean/LibriSpeech\dev-clean\2078\142845\2078-142845-0032.wav,impulsive,data/clean/SESA\train\explosion_137.wav,-0.01,0.5384375
pair_01658,data/clean/LibriSpeech\dev-clean\777\126732\777-126732-0070.wav,nonstationary,data/clean/musan/music\fma\music-fma-0097.wav,-4.06,
pair_01659,data/clean/LibriSpeech\dev-clean\6295\244435\6295-244435-0035.wav,nonstationary,data/clean/musan/music\jamendo\music-jamendo-0036.wav,10.96,
pair_01660,data/clean/LibriSpeech\dev-clean\5895\34622\5895-34622-0009.wav,stationary,data/clean/musan/noise\free-sound\noise-free-sound-0370.wav,14.88,
pair_01661,data/clean/LibriSpeech\dev-clean\7850\286674\7850-286674-0017.wav,nonstationary,data/clean/musan/music\fma-western-art\music-fma-wa-0086.wav,11.85,
pair_01662,data/clean/LibriSpeech\dev-clean\1272\141231\1272-141231-0003.wav,stationary,data/clean/musan/noise\free-sound\noise-free-sound-0037.wav,1.78,
pair_01663,data/clean/LibriSpeech\dev-clean\6241\66616\6241-66616-0013.wav,nonstationary,data/clean/musan/music\fma-western-art\music-fma-wa-0033.wav,8.0,
pair_01664,data/clean/LibriSpeech\dev-clean\2035\152373\2035-152373-0012.wav,stationary,data/clean/musan/noise\free-sound\noise-free-sound-0064.wav,5.39,
pair_01665,data/clean/LibriSpeech\dev-clean\1988\24833\1988-24833-0010.wav,stationary,data/clean/musan/noise\free-sound\noise-free-sound-0772.wav,5.99,
pair_01666,data/clean/LibriSpeech\dev-clean\6241\61943\6241-61943-0009.wav,impulsive,data/clean/SESA\train\explosion_047.wav,11.8,1.2591875
pair_01667,data/clean/LibriSpeech\dev-clean\7850\281318\7850-281318-0001.wav,nonstationary,data/clean/musan/music\hd-classical\music-hd-0052.wav,13.22,
pair_01668,data/clean/LibriSpeech\dev-clean\3853\163249\3853-163249-0028.wav,stationary,data/clean/musan/noise\free-sound\noise-free-sound-0087.wav,1.12,
pair_01669,data/clean/LibriSpeech\dev-clean\3536\8226\3536-8226-0008.wav,impulsive,data/clean/SESA\train\explosion_125.wav,11.98,0.0113125
pair_01670,data/clean/LibriSpeech\dev-clean\2035\147960\2035-147960-0005.wav,mixed,data/clean/musan/noise\sound-bible\noise-sound-bible-0068.wav + data/clean/SESA\train\explosion_027.wav,-3.1,0.613375
pair_01671,data/clean/LibriSpeech\dev-clean\3752\4944\3752-4944-0024.wav,nonstationary,data/clean/musan/music\rfm\music-rfm-0004.wav,-1.29,
pair_01672,data/clean/LibriSpeech\dev-clean\6313\76958\6313-76958-0004.wav,nonstationary,data/clean/musan/music\rfm\music-rfm-0052.wav,7.58,
pair_01673,data/clean/LibriSpeech\dev-clean\2086\149220\2086-149220-0008.wav,impulsive,data/clean/SESA\train\explosion_126.wav,6.36,0.7561875
pair_01674,data/clean/LibriSpeech\dev-clean\3752\4944\3752-4944-0000.wav,stationary,data/clean/musan/noise\sound-bible\noise-sound-bible-0045.wav,-0.56,
pair_01675,data/clean/LibriSpeech\dev-clean\2078\142845\2078-142845-0033.wav,impulsive,data/clean/SESA\train\gunshot_062.wav,-4.19,4.3495
pair_01676,data/clean/LibriSpeech\dev-clean\3536\8226\3536-8226-0031.wav,stationary,data/clean/musan/noise\free-sound\noise-free-sound-0428.wav,9.95,
pair_01677,data/clean/LibriSpeech\dev-clean\1272\128104\1272-128104-0013.wav,stationary,data/clean/musan/noise\sound-bible\noise-sound-bible-0005.wav,13.35,
pair_01678,data/clean/LibriSpeech\dev-clean\2412\153954\2412-153954-0013.wav,mixed,data/clean/musan/noise\free-sound\noise-free-sound-0677.wav + data/clean/SESA\train\gunshot_016.wav,0.93,1.744875
pair_01679,data/clean/LibriSpeech\dev-clean\652\130737\652-130737-0000.wav,mixed,data/clean/musan/noise\free-sound\noise-free-sound-0019.wav + data/clean/SESA\train\siren_066.wav,-2.03,3.050375
pair_01680,data/clean/LibriSpeech\dev-clean\1462\170142\1462-170142-0039.wav,stationary,data/clean/musan/noise\free-sound\noise-free-sound-0485.wav,-4.96,
pair_01681,data/clean/LibriSpeech\dev-clean\8842\302203\8842-302203-0002.wav,impulsive,data/clean/SESA\train\explosion_104.wav,-2.82,3.46975
pair_01682,data/clean/LibriSpeech\dev-clean\5895\34615\5895-34615-0017.wav,impulsive,data/clean/SESA\train\siren_055.wav,-0.17,0.4743125
pair_01683,data/clean/LibriSpeech\dev-clean\7976\105575\7976-105575-0003.wav,stationary,data/clean/musan/noise\free-sound\noise-free-sound-0051.wav,10.8,
pair_01684,data/clean/LibriSpeech\dev-clean\1988\24833\1988-24833-0021.wav,stationary,data/clean/musan/noise\free-sound\noise-free-sound-0710.wav,11.57,
pair_01685,data/clean/LibriSpeech\dev-clean\6313\66129\6313-66129-0021.wav,mixed,data/clean/musan/noise\free-sound\noise-free-sound-0198.wav + data/clean/SESA\train\gunshot_075.wav,10.11,0.3994375
pair_01686,data/clean/LibriSpeech\dev-clean\5536\43359\5536-43359-0005.wav,nonstationary,data/clean/musan/music\fma-western-art\music-fma-wa-0023.wav,14.39,
pair_01687,data/clean/LibriSpeech\dev-clean\2078\142845\2078-142845-0012.wav,impulsive,data/clean/SESA\train\explosion_008.wav,14.22,3.3260625
pair_01688,data/clean/LibriSpeech\dev-clean\2428\83705\2428-83705-0002.wav,nonstationary,data/clean/musan/music\hd-classical\music-hd-0056.wav,10.84,
pair_01689,data/clean/LibriSpeech\dev-clean\251\137823\251-137823-0018.wav,nonstationary,data/clean/musan/music\hd-classical\music-hd-0030.wav,11.73,
pair_01690,data/clean/LibriSpeech\dev-clean\1272\141231\1272-141231-0028.wav,mixed,data/clean/musan/noise\free-sound\noise-free-sound-0739.wav + data/clean/SESA\train\explosion_053.wav,12.79,1.1040625
pair_01691,data/clean/LibriSpeech\dev-clean\3536\8226\3536-8226-0001.wav,stationary,data/clean/musan/noise\free-sound\noise-free-sound-0663.wav,7.42,
pair_01692,data/clean/LibriSpeech\dev-clean\8297\275154\8297-275154-0012.wav,impulsive,data/clean/SESA\train\explosion_202.wav,14.91,1.2754375
pair_01693,data/clean/LibriSpeech\dev-clean\1988\147956\1988-147956-0019.wav,mixed,data/clean/musan/noise\free-sound\noise-free-sound-0616.wav + data/clean/SESA\train\explosion_131.wav,5.21,0.589375
pair_01694,data/clean/LibriSpeech\dev-clean\84\121550\84-121550-0030.wav,stationary,data/clean/musan/noise\free-sound\noise-free-sound-0684.wav,1.17,
pair_01695,data/clean/LibriSpeech\dev-clean\6313\66125\6313-66125-0023.wav,stationary,data/clean/musan/noise\free-sound\noise-free-sound-0747.wav,5.49,
pair_01696,data/clean/LibriSpeech\dev-clean\1272\141231\1272-141231-0017.wav,stationary,data/clean/musan/noise\sound-bible\noise-sound-bible-0072.wav,14.17,
pair_01697,data/clean/LibriSpeech\dev-clean\3752\4943\3752-4943-0022.wav,stationary,data/clean/musan/noise\free-sound\noise-free-sound-0575.wav,-3.03,
pair_01698,data/clean/LibriSpeech\dev-clean\8842\304647\8842-304647-0011.wav,stationary,data/clean/musan/noise\free-sound\noise-free-sound-0455.wav,2.72,
pair_01699,data/clean/LibriSpeech\dev-clean\6241\66616\6241-66616-0003.wav,nonstationary,data/clean/musan/music\fma\music-fma-0082.wav,-1.79,
pair_01700,data/clean/LibriSpeech\dev-clean\5694\64029\5694-64029-0023.wav,stationary,data/clean/musan/noise\free-sound\noise-free-sound-0780.wav,0.84,
pair_01701,data/clean/LibriSpeech\dev-clean\3576\138058\3576-138058-0005.wav,nonstationary,data/clean/musan/music\rfm\music-rfm-0075.wav,7.46,
pair_01702,data/clean/LibriSpeech\dev-clean\1993\147149\1993-147149-0011.wav,impulsive,data/clean/SESA\test\gunshot_027.wav,13.21,0.55525
pair_01703,data/clean/LibriSpeech\dev-clean\174\168635\174-168635-0008.wav,nonstationary,data/clean/musan/music\fma-western-art\music-fma-wa-0068.wav,5.83,
pair_01704,data/clean/LibriSpeech\dev-clean\7850\73752\7850-73752-0018.wav,impulsive,data/clean/SESA\train\siren_074.wav,-0.77,8.0263125
pair_01705,data/clean/LibriSpeech\dev-clean\652\130726\652-130726-0026.wav,stationary,data/clean/musan/noise\free-sound\noise-free-sound-0093.wav,-1.98,
pair_01706,data/clean/LibriSpeech\dev-clean\174\84280\174-84280-0001.wav,mixed,data/clean/musan/noise\free-sound\noise-free-sound-0636.wav + data/clean/SESA\train\gunshot_028.wav,0.91,8.29775
pair_01707,data/clean/LibriSpeech\dev-clean\2277\149897\2277-149897-0015.wav,impulsive,data/clean/SESA\train\explosion_171.wav,8.12,0.659125
pair_01708,data/clean/LibriSpeech\dev-clean\1919\142785\1919-142785-0053.wav,nonstationary,data/clean/musan/music\rfm\music-rfm-0047.wav,0.05,
pair_01709,data/clean/LibriSpeech\dev-clean\7976\110124\7976-110124-0009.wav,stationary,data/clean/musan/noise\free-sound\noise-free-sound-0532.wav,6.84,
pair_01710,data/clean/LibriSpeech\dev-clean\6295\244435\6295-244435-0009.wav,stationary,data/clean/musan/noise\free-sound\noise-free-sound-0099.wav,-1.44,
pair_01711,data/clean/LibriSpeech\dev-clean\5694\64029\5694-64029-0017.wav,stationary,data/clean/musan/noise\free-sound\noise-free-sound-0065.wav,3.58,
pair_01712,data/clean/LibriSpeech\dev-clean\6295\64301\6295-64301-0017.wav,impulsive,data/clean/SESA\train\siren_024.wav,14.24,1.871125
pair_01713,data/clean/LibriSpeech\dev-clean\2277\149874\2277-149874-0005.wav,impulsive,data/clean/SESA\train\siren_062.wav,12.8,0.268875
pair_01714,data/clean/LibriSpeech\dev-clean\2078\142845\2078-142845-0049.wav,mixed,data/clean/musan/noise\free-sound\noise-free-sound-0459.wav + data/clean/SESA\train\gunshot_077.wav,-1.21,0.0038125
pair_01715,data/clean/LibriSpeech\dev-clean\5536\43359\5536-43359-0016.wav,impulsive,data/clean/SESA\train\explosion_023.wav,4.58,2.75925
pair_01716,data/clean/LibriSpeech\dev-clean\6313\66125\6313-66125-0021.wav,mixed,data/clean/musan/noise\free-sound\noise-free-sound-0331.wav + data/clean/SESA\test\explosion_046.wav,6.0,1.4153125
pair_01717,data/clean/LibriSpeech\dev-clean\777\126732\777-126732-0042.wav,mixed,data/clean/musan/noise\free-sound\noise-free-sound-0262.wav + data/clean/SESA\train\siren_023.wav,-3.32,0.1549375
pair_01718,data/clean/LibriSpeech\dev-clean\1988\148538\1988-148538-0009.wav,nonstationary,data/clean/musan/music\rfm\music-rfm-0050.wav,6.2,
pair_01719,data/clean/LibriSpeech\dev-clean\2428\83705\2428-83705-0026.wav,impulsive,data/clean/SESA\train\gunshot_096.wav,8.97,6.107875
pair_01720,data/clean/LibriSpeech\dev-clean\6313\66129\6313-66129-0001.wav,nonstationary,data/clean/musan/music\jamendo\music-jamendo-0073.wav,-3.31,
pair_01721,data/clean/LibriSpeech\dev-clean\5536\43359\5536-43359-0001.wav,nonstationary,data/clean/musan/music\rfm\music-rfm-0057.wav,3.32,
pair_01722,data/clean/LibriSpeech\dev-clean\7850\73752\7850-73752-0003.wav,impulsive,data/clean/SESA\train\gunshot_074.wav,1.01,10.456375
pair_01723,data/clean/LibriSpeech\dev-clean\6319\275224\6319-275224-0007.wav,nonstationary,data/clean/musan/music\rfm\music-rfm-0100.wav,14.99,
pair_01724,data/clean/LibriSpeech\dev-clean\7976\105575\7976-105575-0027.wav,nonstationary,data/clean/musan/music\rfm\music-rfm-0069.wav,-4.43,
pair_01725,data/clean/LibriSpeech\dev-clean\1462\170138\1462-170138-0018.wav,mixed,data/clean/musan/noise\free-sound\noise-free-sound-0361.wav + data/clean/SESA\train\explosion_080.wav,6.93,1.943375
pair_01726,data/clean/LibriSpeech\dev-clean\5895\34615\5895-34615-0014.wav,stationary,data/clean/musan/noise\free-sound\noise-free-sound-0136.wav,11.87,
pair_01727,data/clean/LibriSpeech\dev-clean\1673\143397\1673-143397-0002.wav,impulsive,data/clean/SESA\train\explosion_176.wav,8.98,0.3695625
pair_01728,data/clean/LibriSpeech\dev-clean\3576\138058\3576-138058-0009.wav,nonstationary,data/clean/musan/music\rfm\music-rfm-0008.wav,10.43,
pair_01729,data/clean/LibriSpeech\dev-clean\1462\170145\1462-170145-0013.wav,nonstationary,data/clean/musan/music\jamendo\music-jamendo-0043.wav,13.08,
pair_01730,data/clean/LibriSpeech\dev-clean\6313\76958\6313-76958-0016.wav,mixed,data/clean/musan/noise\free-sound\noise-free-sound-0645.wav + data/clean/SESA\train\explosion_120.wav,11.84,0.055875
pair_01731,data/clean/LibriSpeech\dev-clean\6313\66129\6313-66129-0016.wav,impulsive,data/clean/SESA\train\explosion_152.wav,12.69,0.219125
pair_01732,data/clean/LibriSpeech\dev-clean\5338\284437\5338-284437-0024.wav,mixed,data/clean/musan/noise\free-sound\noise-free-sound-0694.wav + data/clean/SESA\test\explosion_182.wav,10.04,0.0923125
pair_01733,data/clean/LibriSpeech\dev-clean\1272\135031\1272-135031-0020.wav,mixed,data/clean/musan/noise\sound-bible\noise-sound-bible-0005.wav + data/clean/SESA\train\siren_000.wav,0.34,1.541375
pair_01734,data/clean/LibriSpeech\dev-clean\2035\147961\2035-147961-0015.wav,stationary,data/clean/musan/noise\free-sound\noise-free-sound-0427.wav,7.39,
pair_01735,data/clean/LibriSpeech\dev-clean\2412\153954\2412-153954-0013.wav,stationary,data/clean/musan/noise\free-sound\noise-free-sound-0579.wav,0.25,
pair_01736,data/clean/LibriSpeech\dev-clean\7850\281318\7850-281318-0023.wav,impulsive,data/clean/SESA\test\gunshot_093.wav,3.4,0.241875
pair_01737,data/clean/LibriSpeech\dev-clean\7850\286674\7850-286674-0005.wav,impulsive,data/clean/SESA\test\siren_030.wav,12.67,0.3541875
pair_01738,data/clean/LibriSpeech\dev-clean\8842\302201\8842-302201-0015.wav,mixed,data/clean/musan/noise\free-sound\noise-free-sound-0031.wav + data/clean/SESA\test\gunshot_093.wav,-2.59,1.09075
pair_01739,data/clean/LibriSpeech\dev-clean\3000\15664\3000-15664-0038.wav,stationary,data/clean/musan/noise\free-sound\noise-free-sound-0069.wav,1.02,
pair_01740,data/clean/LibriSpeech\dev-clean\5895\34629\5895-34629-0010.wav,impulsive,data/clean/SESA\train\explosion_124.wav,5.62,0.7563125
pair_01741,data/clean/LibriSpeech\dev-clean\2035\147961\2035-147961-0004.wav,stationary,data/clean/musan/noise\free-sound\noise-free-sound-0005.wav,10.65,
pair_01742,data/clean/LibriSpeech\dev-clean\6295\244435\6295-244435-0000.wav,stationary,data/clean/musan/noise\free-sound\noise-free-sound-0026.wav,13.42,
pair_01743,data/clean/LibriSpeech\dev-clean\3536\8226\3536-8226-0007.wav,impulsive,data/clean/SESA\train\explosion_179.wav,11.55,0.64925
pair_01744,data/clean/LibriSpeech\dev-clean\251\137823\251-137823-0024.wav,impulsive,data/clean/SESA\train\gunshot_067.wav,6.59,0.7198125
pair_01745,data/clean/LibriSpeech\dev-clean\8842\304647\8842-304647-0002.wav,mixed,data/clean/musan/noise\free-sound\noise-free-sound-0112.wav + data/clean/SESA\train\explosion_045.wav,13.96,17.613
pair_01746,data/clean/LibriSpeech\dev-clean\8842\302196\8842-302196-0010.wav,nonstationary,data/clean/musan/music\fma\music-fma-0088.wav,1.98,
pair_01747,data/clean/LibriSpeech\dev-clean\2428\83705\2428-83705-0005.wav,stationary,data/clean/musan/noise\free-sound\noise-free-sound-0705.wav,-1.17,
pair_01748,data/clean/LibriSpeech\dev-clean\2078\142845\2078-142845-0034.wav,mixed,data/clean/musan/noise\free-sound\noise-free-sound-0722.wav + data/clean/SESA\train\gunshot_055.wav,9.59,1.5344375
pair_01749,data/clean/LibriSpeech\dev-clean\1919\142785\1919-142785-0004.wav,stationary,data/clean/musan/noise\sound-bible\noise-sound-bible-0042.wav,-1.49,
pair_01750,data/clean/LibriSpeech\dev-clean\1462\170142\1462-170142-0017.wav,impulsive,data/clean/SESA\train\gunshot_053.wav,-4.1,0.6189375
pair_01751,data/clean/LibriSpeech\dev-clean\3000\15664\3000-15664-0026.wav,stationary,data/clean/musan/noise\free-sound\noise-free-sound-0266.wav,7.2,
pair_01752,data/clean/LibriSpeech\dev-clean\2078\142845\2078-142845-0017.wav,nonstationary,data/clean/musan/music\hd-classical\music-hd-0069.wav,11.28,
pair_01753,data/clean/LibriSpeech\dev-clean\6241\61946\6241-61946-0001.wav,mixed,data/clean/musan/noise\free-sound\noise-free-sound-0811.wav + data/clean/SESA\train\siren_034.wav,2.69,0.1994375
pair_01754,data/clean/LibriSpeech\dev-clean\251\136532\251-136532-0014.wav,mixed,data/clean/musan/noise\free-sound\noise-free-sound-0532.wav + data/clean/SESA\train\explosion_030.wav,3.5,0.41525
pair_01755,data/clean/LibriSpeech\dev-clean\5694\64025\5694-64025-0002.wav,mixed,data/clean/musan/noise\free-sound\noise-free-sound-0823.wav + data/clean/SESA\train\siren_038.wav,-1.5,1.5645
pair_01756,data/clean/LibriSpeech\dev-clean\1993\147149\1993-147149-0028.wav,stationary,data/clean/musan/noise\free-sound\noise-free-sound-0193.wav,11.93,
pair_01757,data/clean/LibriSpeech\dev-clean\3000\15664\3000-15664-0011.wav,stationary,data/clean/musan/noise\free-sound\noise-free-sound-0169.wav,10.35,
pair_01758,data/clean/LibriSpeech\dev-clean\1988\148538\1988-148538-0011.wav,impulsive,data/clean/SESA\train\siren_040.wav,11.77,2.941875
pair_01759,data/clean/LibriSpeech\dev-clean\1673\143396\1673-143396-0006.wav,stationary,data/clean/musan/noise\sound-bible\noise-sound-bible-0085.wav,12.99,
pair_01760,data/clean/LibriSpeech\dev-clean\422\122949\422-122949-0032.wav,impulsive,data/clean/SESA\train\explosion_006.wav,0.29,0.258625
pair_01761,data/clean/LibriSpeech\dev-clean\5895\34629\5895-34629-0018.wav,mixed,data/clean/musan/noise\free-sound\noise-free-sound-0754.wav + data/clean/SESA\train\siren_036.wav,7.25,1.43925
pair_01762,data/clean/LibriSpeech\dev-clean\6295\244435\6295-244435-0002.wav,mixed,data/clean/musan/noise\free-sound\noise-free-sound-0000.wav + data/clean/SESA\train\gunshot_079.wav,14.15,0.156375
pair_01763,data/clean/LibriSpeech\dev-clean\84\121550\84-121550-0002.wav,stationary,data/clean/musan/noise\free-sound\noise-free-sound-0151.wav,6.44,
pair_01764,data/clean/LibriSpeech\dev-clean\1919\142785\1919-142785-0044.wav,stationary,data/clean/musan/noise\free-sound\noise-free-sound-0067.wav,6.1,
pair_01765,data/clean/LibriSpeech\dev-clean\1272\135031\1272-135031-0004.wav,nonstationary,data/clean/musan/music\fma-western-art\music-fma-wa-0050.wav,10.96,
pair_01766,data/clean/LibriSpeech\dev-clean\3752\4944\3752-4944-0051.wav,impulsive,data/clean/SESA\train\explosion_015.wav,10.32,1.326
pair_01767,data/clean/LibriSpeech\dev-clean\1988\24833\1988-24833-0011.wav,mixed,data/clean/musan/noise\free-sound\noise-free-sound-0538.wav + data/clean/SESA\train\siren_091.wav,10.11,1.5213125
pair_01768,data/clean/LibriSpeech\dev-clean\84\121123\84-121123-0013.wav,mixed,data/clean/musan/noise\free-sound\noise-free-sound-0463.wav + data/clean/SESA\train\explosion_145.wav,7.89,0.4538125
pair_01769,data/clean/LibriSpeech\dev-clean\1272\141231\1272-141231-0021.wav,nonstationary,data/clean/musan/music\jamendo\music-jamendo-0004.wav,12.98,
pair_01770,data/clean/LibriSpeech\dev-clean\7976\110124\7976-110124-0018.wav,mixed,data/clean/musan/noise\free-sound\noise-free-sound-0675.wav + data/clean/SESA\train\explosion_114.wav,6.45,3.166875
pair_01771,data/clean/LibriSpeech\dev-clean\8297\275154\8297-275154-0015.wav,nonstationary,data/clean/musan/music\fma\music-fma-0007.wav,8.55,
pair_01772,data/clean/LibriSpeech\dev-clean\1988\24833\1988-24833-0009.wav,nonstationary,data/clean/musan/music\jamendo\music-jamendo-0199.wav,9.75,
pair_01773,data/clean/LibriSpeech\dev-clean\2803\154328\2803-154328-0012.wav,mixed,data/clean/musan/noise\free-sound\noise-free-sound-0320.wav + data/clean/SESA\train\explosion_137.wav,2.84,2.996625
pair_01774,data/clean/LibriSpeech\dev-clean\251\118436\251-118436-0005.wav,stationary,data/clean/musan/noise\free-sound\noise-free-sound-0804.wav,2.48,
pair_01775,data/clean/LibriSpeech\dev-clean\8842\302203\8842-302203-0005.wav,mixed,data/clean/musan/noise\free-sound\noise-free-sound-0545.wav + data/clean/SESA\train\siren_056.wav,4.64,0.7225
pair_01776,data/clean/LibriSpeech\dev-clean\6295\244435\6295-244435-0000.wav,mixed,data/clean/musan/noise\sound-bible\noise-sound-bible-0023.wav + data/clean/SESA\train\gunshot_079.wav,6.43,0.1974375
pair_01777,data/clean/LibriSpeech\dev-clean\6295\64301\6295-64301-0027.wav,nonstationary,data/clean/musan/music\fma\music-fma-0099.wav,6.26,
pair_01778,data/clean/LibriSpeech\dev-clean\5536\43359\5536-43359-0007.wav,stationary,data/clean/musan/noise\free-sound\noise-free-sound-0112.wav,14.85,
pair_01779,data/clean/LibriSpeech\dev-clean\174\50561\174-50561-0015.wav,stationary,data/clean/musan/noise\free-sound\noise-free-sound-0332.wav,2.25,
pair_01780,data/clean/LibriSpeech\dev-clean\3536\8226\3536-8226-0020.wav,impulsive,data/clean/SESA\train\siren_083.wav,-0.67,0.3124375
pair_01781,data/clean/LibriSpeech\dev-clean\1462\170138\1462-170138-0005.wav,nonstationary,data/clean/musan/music\jamendo\music-jamendo-0035.wav,0.28,
pair_01782,data/clean/LibriSpeech\dev-clean\5694\64038\5694-64038-0017.wav,nonstationary,data/clean/musan/music\rfm\music-rfm-0047.wav,0.25,
pair_01783,data/clean/LibriSpeech\dev-clean\2803\161169\2803-161169-0001.wav,stationary,data/clean/musan/noise\free-sound\noise-free-sound-0128.wav,-3.3,
pair_01784,data/clean/LibriSpeech\dev-clean\652\130737\652-130737-0009.wav,stationary,data/clean/musan/noise\free-sound\noise-free-sound-0793.wav,13.35,
pair_01785,data/clean/LibriSpeech\dev-clean\6345\93302\6345-93302-0020.wav,impulsive,data/clean/SESA\test\explosion_182.wav,-3.27,0.7775625
pair_01786,data/clean/LibriSpeech\dev-clean\3853\163249\3853-163249-0020.wav,nonstationary,data/clean/musan/music\fma\music-fma-0003.wav,-2.45,
pair_01787,data/clean/LibriSpeech\dev-clean\3752\4944\3752-4944-0014.wav,stationary,data/clean/musan/noise\free-sound\noise-free-sound-0206.wav,10.04,
pair_01788,data/clean/LibriSpeech\dev-clean\2035\147961\2035-147961-0013.wav,mixed,data/clean/musan/noise\free-sound\noise-free-sound-0827.wav + data/clean/SESA\train\gunshot_008.wav,-2.46,0.2625
pair_01789,data/clean/LibriSpeech\dev-clean\5694\64029\5694-64029-0008.wav,mixed,data/clean/musan/noise\free-sound\noise-free-sound-0661.wav + data/clean/SESA\train\siren_096.wav,14.57,0.60925
pair_01790,data/clean/LibriSpeech\dev-clean\2412\153947\2412-153947-0011.wav,nonstationary,data/clean/musan/music\jamendo\music-jamendo-0212.wav,1.49,
pair_01791,data/clean/LibriSpeech\dev-clean\1272\135031\1272-135031-0011.wav,mixed,data/clean/musan/noise\free-sound\noise-free-sound-0026.wav + data/clean/SESA\train\explosion_074.wav,6.45,1.0206875
pair_01792,data/clean/LibriSpeech\dev-clean\6319\57405\6319-57405-0006.wav,impulsive,data/clean/SESA\train\siren_004.wav,-2.15,2.9603125
pair_01793,data/clean/LibriSpeech\dev-clean\2902\9008\2902-9008-0004.wav,impulsive,data/clean/SESA\train\siren_008.wav,-4.58,1.993875
pair_01794,data/clean/LibriSpeech\dev-clean\3170\137482\3170-137482-0006.wav,stationary,data/clean/musan/noise\free-sound\noise-free-sound-0521.wav,10.99,
pair_01795,data/clean/LibriSpeech\dev-clean\5895\34629\5895-34629-0013.wav,mixed,data/clean/musan/noise\free-sound\noise-free-sound-0597.wav + data/clean/SESA\train\explosion_192.wav,6.91,2.838375
pair_01796,data/clean/LibriSpeech\dev-clean\5895\34615\5895-34615-0018.wav,impulsive,data/clean/SESA\train\siren_058.wav,11.39,0.7715625
pair_01797,data/clean/LibriSpeech\dev-clean\1272\141231\1272-141231-0031.wav,impulsive,data/clean/SESA\test\explosion_052.wav,5.28,0.6241875
pair_01798,data/clean/LibriSpeech\dev-clean\777\126732\777-126732-0053.wav,stationary,data/clean/musan/noise\free-sound\noise-free-sound-0667.wav,2.98,
pair_01799,data/clean/LibriSpeech\dev-clean\251\136532\251-136532-0014.wav,stationary,data/clean/musan/noise\free-sound\noise-free-sound-0503.wav,12.6,
pair_01800,data/clean/LibriSpeech\dev-clean\6319\275224\6319-275224-0004.wav,impulsive,data/clean/SESA\train\explosion_144.wav,7.6,0.5865625
pair_01801,data/clean/LibriSpeech\dev-clean\3752\4944\3752-4944-0009.wav,mixed,data/clean/musan/noise\free-sound\noise-free-sound-0247.wav + data/clean/SESA\train\explosion_006.wav,9.45,0.589
pair_01802,data/clean/LibriSpeech\dev-clean\174\50561\174-50561-0014.wav,stationary,data/clean/musan/noise\free-sound\noise-free-sound-0499.wav,0.19,
pair_01803,data/clean/LibriSpeech\dev-clean\2277\149896\2277-149896-0005.wav,nonstationary,data/clean/musan/music\jamendo\music-jamendo-0013.wav,8.8,
pair_01804,data/clean/LibriSpeech\dev-clean\1462\170145\1462-170145-0017.wav,impulsive,data/clean/SESA\train\explosion_065.wav,2.86,1.4338125
pair_01805,data/clean/LibriSpeech\dev-clean\3853\163249\3853-163249-0030.wav,impulsive,data/clean/SESA\train\siren_061.wav,10.51,6.9268125
pair_01806,data/clean/LibriSpeech\dev-clean\2078\142845\2078-142845-0001.wav,stationary,data/clean/musan/noise\free-sound\noise-free-sound-0522.wav,-4.5,
pair_01807,data/clean/LibriSpeech\dev-clean\2086\149220\2086-149220-0011.wav,nonstationary,data/clean/musan/music\jamendo\music-jamendo-0071.wav,12.37,
pair_01808,data/clean/LibriSpeech\dev-clean\1988\24833\1988-24833-0024.wav,impulsive,data/clean/SESA\train\gunshot_066.wav,14.56,0.6028125
pair_01809,data/clean/LibriSpeech\dev-clean\3752\4943\3752-4943-0005.wav,nonstationary,data/clean/musan/music\rfm\music-rfm-0130.wav,2.61,
pair_01810,data/clean/LibriSpeech\dev-clean\251\137823\251-137823-0019.wav,impulsive,data/clean/SESA\test\explosion_046.wav,-0.36,2.381875
pair_01811,data/clean/LibriSpeech\dev-clean\422\122949\422-122949-0026.wav,stationary,data/clean/musan/noise\free-sound\noise-free-sound-0307.wav,2.02,
pair_01812,data/clean/LibriSpeech\dev-clean\2035\147960\2035-147960-0012.wav,nonstationary,data/clean/musan/music\rfm\music-rfm-0088.wav,13.9,
pair_01813,data/clean/LibriSpeech\dev-clean\1919\142785\1919-142785-0029.wav,impulsive,data/clean/SESA\test\siren_089.wav,-0.11,0.67475
pair_01814,data/clean/LibriSpeech\dev-clean\6345\64257\6345-64257-0013.wav,nonstationary,data/clean/musan/music\fma\music-fma-0069.wav,12.25,
pair_01815,data/clean/LibriSpeech\dev-clean\8842\302203\8842-302203-0005.wav,impulsive,data/clean/SESA\train\explosion_131.wav,7.35,0.172125
pair_01816,data/clean/LibriSpeech\dev-clean\3576\138058\3576-138058-0000.wav,stationary,data/clean/musan/noise\free-sound\noise-free-sound-0757.wav,0.78,
pair_01817,data/clean/LibriSpeech\dev-clean\5338\284437\5338-284437-0031.wav,mixed,data/clean/musan/noise\free-sound\noise-free-sound-0431.wav + data/clean/SESA\test\explosion_199.wav,4.19,2.2334375
pair_01818,data/clean/LibriSpeech\dev-clean\3000\15664\3000-15664-0032.wav,mixed,data/clean/musan/noise\sound-bible\noise-sound-bible-0047.wav + data/clean/SESA\train\explosion_171.wav,10.52,0.52925
pair_01819,data/clean/LibriSpeech\dev-clean\174\50561\174-50561-0015.wav,stationary,data/clean/musan/noise\free-sound\noise-free-sound-0232.wav,5.36,
pair_01820,data/clean/LibriSpeech\dev-clean\6313\76958\6313-76958-0026.wav,mixed,data/clean/musan/noise\free-sound\noise-free-sound-0433.wav + data/clean/SESA\test\explosion_129.wav,8.62,2.1665
pair_01821,data/clean/LibriSpeech\dev-clean\7976\110523\7976-110523-0013.wav,impulsive,data/clean/SESA\train\explosion_159.wav,9.96,3.7243125
pair_01822,data/clean/LibriSpeech\dev-clean\6319\275224\6319-275224-0005.wav,nonstationary,data/clean/musan/music\rfm\music-rfm-0146.wav,3.34,
pair_01823,data/clean/LibriSpeech\dev-clean\777\126732\777-126732-0016.wav,nonstationary,data/clean/musan/music\rfm\music-rfm-0145.wav,9.78,
pair_01824,data/clean/LibriSpeech\dev-clean\7976\105575\7976-105575-0009.wav,impulsive,data/clean/SESA\train\explosion_183.wav,12.98,0.086
pair_01825,data/clean/LibriSpeech\dev-clean\2902\9008\2902-9008-0006.wav,nonstationary,data/clean/musan/music\fma\music-fma-0054.wav,2.99,
pair_01826,data/clean/LibriSpeech\dev-clean\2035\147961\2035-147961-0018.wav,nonstationary,data/clean/musan/music\jamendo\music-jamendo-0175.wav,14.36,
pair_01827,data/clean/LibriSpeech\dev-clean\3081\166546\3081-166546-0075.wav,stationary,data/clean/musan/noise\free-sound\noise-free-sound-0699.wav,9.63,
pair_01828,data/clean/LibriSpeech\dev-clean\3853\163249\3853-163249-0014.wav,mixed,data/clean/musan/noise\sound-bible\noise-sound-bible-0073.wav + data/clean/SESA\train\gunshot_073.wav,0.04,6.3698125
pair_01829,data/clean/LibriSpeech\dev-clean\6295\64301\6295-64301-0013.wav,mixed,data/clean/musan/noise\free-sound\noise-free-sound-0719.wav + data/clean/SESA\test\gunshot_014.wav,-1.72,0.0669375
pair_01830,data/clean/LibriSpeech\dev-clean\6319\57405\6319-57405-0012.wav,stationary,data/clean/musan/noise\free-sound\noise-free-sound-0091.wav,-2.67,
pair_01831,data/clean/LibriSpeech\dev-clean\2078\142845\2078-142845-0001.wav,impulsive,data/clean/SESA\train\explosion_044.wav,-4.19,0.2020625
pair_01832,data/clean/LibriSpeech\dev-clean\8842\302196\8842-302196-0005.wav,impulsive,data/clean/SESA\train\siren_048.wav,1.24,4.0615
pair_01833,data/clean/LibriSpeech\dev-clean\652\129742\652-129742-0005.wav,mixed,data/clean/musan/noise\free-sound\noise-free-sound-0477.wav + data/clean/SESA\train\explosion_160.wav,0.67,0.116125
pair_01834,data/clean/LibriSpeech\dev-clean\3170\137482\3170-137482-0013.wav,mixed,data/clean/musan/noise\free-sound\noise-free-sound-0401.wav + data/clean/SESA\test\siren_089.wav,2.97,1.09125
pair_01835,data/clean/LibriSpeech\dev-clean\6241\61943\6241-61943-0023.wav,mixed,data/clean/musan/noise\free-sound\noise-free-sound-0324.wav + data/clean/SESA\train\siren_104.wav,12.74,1.1763125
pair_01836,data/clean/LibriSpeech\dev-clean\251\137823\251-137823-0007.wav,nonstationary,data/clean/musan/music\fma-western-art\music-fma-wa-0032.wav,-0.96,
pair_01837,data/clean/LibriSpeech\dev-clean\1988\24833\1988-24833-0019.wav,stationary,data/clean/musan/noise\free-sound\noise-free-sound-0533.wav,7.24,
pair_01838,data/clean/LibriSpeech\dev-clean\1988\24833\1988-24833-0001.wav,impulsive,data/clean/SESA\train\siren_016.wav,-3.22,3.2208125
pair_01839,data/clean/LibriSpeech\dev-clean\3752\4944\3752-4944-0044.wav,impulsive,data/clean/SESA\train\explosion_163.wav,10.6,0.467625
pair_01840,data/clean/LibriSpeech\dev-clean\2803\154328\2803-154328-0017.wav,nonstationary,data/clean/musan/music\rfm\music-rfm-0137.wav,14.55,
pair_01841,data/clean/LibriSpeech\dev-clean\5694\64025\5694-64025-0014.wav,nonstationary,data/clean/musan/music\hd-classical\music-hd-0049.wav,-4.15,
pair_01842,data/clean/LibriSpeech\dev-clean\2803\154328\2803-154328-0020.wav,stationary,data/clean/musan/noise\free-sound\noise-free-sound-0641.wav,7.43,
pair_01843,data/clean/LibriSpeech\dev-clean\5694\64025\5694-64025-0018.wav,impulsive,data/clean/SESA\train\explosion_035.wav,5.39,0.1748125
pair_01844,data/clean/LibriSpeech\dev-clean\251\136532\251-136532-0015.wav,mixed,data/clean/musan/noise\free-sound\noise-free-sound-0579.wav + data/clean/SESA\test\siren_042.wav,13.94,1.3230625
pair_01845,data/clean/LibriSpeech\dev-clean\2086\149220\2086-149220-0035.wav,nonstationary,data/clean/musan/music\jamendo\music-jamendo-0127.wav,12.28,
pair_01846,data/clean/LibriSpeech\dev-clean\251\136532\251-136532-0001.wav,nonstationary,data/clean/musan/music\rfm\music-rfm-0091.wav,-4.61,
pair_01847,data/clean/LibriSpeech\dev-clean\1988\24833\1988-24833-0014.wav,stationary,data/clean/musan/noise\free-sound\noise-free-sound-0710.wav,-2.59,
pair_01848,data/clean/LibriSpeech\dev-clean\1462\170138\1462-170138-0021.wav,nonstationary,data/clean/musan/music\rfm\music-rfm-0066.wav,14.08,
pair_01849,data/clean/LibriSpeech\dev-clean\6313\66129\6313-66129-0035.wav,nonstationary,data/clean/musan/music\fma-western-art\music-fma-wa-0006.wav,0.32,
pair_01850,data/clean/LibriSpeech\dev-clean\2277\149896\2277-149896-0017.wav,stationary,data/clean/musan/noise\free-sound\noise-free-sound-0019.wav,12.96,
pair_01851,data/clean/LibriSpeech\dev-clean\174\50561\174-50561-0005.wav,mixed,data/clean/musan/noise\free-sound\noise-free-sound-0702.wav + data/clean/SESA\train\gunshot_044.wav,8.72,0.33775
pair_01852,data/clean/LibriSpeech\dev-clean\3752\4944\3752-4944-0030.wav,stationary,data/clean/musan/noise\free-sound\noise-free-sound-0566.wav,5.29,
pair_01853,data/clean/LibriSpeech\dev-clean\5536\43359\5536-43359-0014.wav,nonstationary,data/clean/musan/music\fma\music-fma-0124.wav,7.06,
pair_01854,data/clean/LibriSpeech\dev-clean\2086\149214\2086-149214-0003.wav,stationary,data/clean/musan/noise\free-sound\noise-free-sound-0695.wav,-4.43,
pair_01855,data/clean/LibriSpeech\dev-clean\777\126732\777-126732-0081.wav,impulsive,data/clean/SESA\train\siren_020.wav,-2.35,0.7504375
pair_01856,data/clean/LibriSpeech\dev-clean\3000\15664\3000-15664-0017.wav,nonstationary,data/clean/musan/music\fma-western-art\music-fma-wa-0092.wav,-0.24,
pair_01857,data/clean/LibriSpeech\dev-clean\3000\15664\3000-15664-0000.wav,impulsive,data/clean/SESA\train\explosion_051.wav,-3.24,1.246375
pair_01858,data/clean/LibriSpeech\dev-clean\3081\166546\3081-166546-0049.wav,impulsive,data/clean/SESA\train\explosion_198.wav,6.85,1.266
pair_01859,data/clean/LibriSpeech\dev-clean\6319\275224\6319-275224-0000.wav,nonstationary,data/clean/musan/music\jamendo\music-jamendo-0215.wav,-2.13,
pair_01860,data/clean/LibriSpeech\dev-clean\2078\142845\2078-142845-0034.wav,impulsive,data/clean/SESA\test\gunshot_041.wav,12.96,3.0810625
pair_01861,data/clean/LibriSpeech\dev-clean\1673\143396\1673-143396-0016.wav,mixed,data/clean/musan/noise\free-sound\noise-free-sound-0018.wav + data/clean/SESA\train\gunshot_034.wav,-4.19,5.8718125
pair_01862,data/clean/LibriSpeech\dev-clean\652\129742\652-129742-0009.wav,impulsive,data/clean/SESA\train\explosion_135.wav,-3.56,4.430125
pair_01863,data/clean/LibriSpeech\dev-clean\8297\275154\8297-275154-0002.wav,mixed,data/clean/musan/noise\free-sound\noise-free-sound-0709.wav + data/clean/SESA\test\explosion_147.wav,2.02,2.404875
pair_01864,data/clean/LibriSpeech\dev-clean\251\118436\251-118436-0020.wav,stationary,data/clean/musan/noise\free-sound\noise-free-sound-0018.wav,4.66,
pair_01865,data/clean/LibriSpeech\dev-clean\1673\143397\1673-143397-0015.wav,stationary,data/clean/musan/noise\sound-bible\noise-sound-bible-0020.wav,11.94,
pair_01866,data/clean/LibriSpeech\dev-clean\6345\64257\6345-64257-0007.wav,mixed,data/clean/musan/noise\free-sound\noise-free-sound-0054.wav + data/clean/SESA\train\siren_101.wav,1.51,1.626125
pair_01867,data/clean/LibriSpeech\dev-clean\2902\9006\2902-9006-0020.wav,impulsive,data/clean/SESA\test\explosion_103.wav,5.31,0.1945625
pair_01868,data/clean/LibriSpeech\dev-clean\2277\149897\2277-149897-0020.wav,impulsive,data/clean/SESA\train\gunshot_034.wav,3.47,0.3980625
pair_01869,data/clean/LibriSpeech\dev-clean\6345\64257\6345-64257-0019.wav,impulsive,data/clean/SESA\train\gunshot_008.wav,-0.82,1.0183125
pair_01870,data/clean/LibriSpeech\dev-clean\2902\9006\2902-9006-0010.wav,stationary,data/clean/musan/noise\free-sound\noise-free-sound-0145.wav,-2.24,
pair_01871,data/clean/LibriSpeech\dev-clean\2803\154328\2803-154328-0009.wav,stationary,data/clean/musan/noise\free-sound\noise-free-sound-0816.wav,-4.73,
pair_01872,data/clean/LibriSpeech\dev-clean\5694\64029\5694-64029-0020.wav,mixed,data/clean/musan/noise\free-sound\noise-free-sound-0004.wav + data/clean/SESA\train\siren_024.wav,1.25,5.3269375
pair_01873,data/clean/LibriSpeech\dev-clean\3752\4944\3752-4944-0037.wav,impulsive,data/clean/SESA\test\gunshot_026.wav,10.47,0.868
pair_01874,data/clean/LibriSpeech\dev-clean\2803\161169\2803-161169-0012.wav,stationary,data/clean/musan/noise\free-sound\noise-free-sound-0758.wav,4.69,
pair_01875,data/clean/LibriSpeech\dev-clean\1988\147956\1988-147956-0005.wav,stationary,data/clean/musan/noise\free-sound\noise-free-sound-0096.wav,8.78,
pair_01876,data/clean/LibriSpeech\dev-clean\7850\286674\7850-286674-0006.wav,mixed,data/clean/musan/noise\free-sound\noise-free-sound-0025.wav + data/clean/SESA\train\siren_036.wav,11.74,0.11175
pair_01877,data/clean/LibriSpeech\dev-clean\2803\154320\2803-154320-0013.wav,nonstationary,data/clean/musan/music\rfm\music-rfm-0069.wav,1.17,
pair_01878,data/clean/LibriSpeech\dev-clean\7976\110523\7976-110523-0010.wav,stationary,data/clean/musan/noise\free-sound\noise-free-sound-0825.wav,9.78,
pair_01879,data/clean/LibriSpeech\dev-clean\5536\43363\5536-43363-0004.wav,stationary,data/clean/musan/noise\sound-bible\noise-sound-bible-0013.wav,-3.19,
pair_01880,data/clean/LibriSpeech\dev-clean\2277\149897\2277-149897-0033.wav,impulsive,data/clean/SESA\train\explosion_086.wav,0.48,0.009375
pair_01881,data/clean/LibriSpeech\dev-clean\2035\147961\2035-147961-0031.wav,nonstationary,data/clean/musan/music\rfm\music-rfm-0057.wav,7.65,
pair_01882,data/clean/LibriSpeech\dev-clean\777\126732\777-126732-0031.wav,nonstationary,data/clean/musan/music\jamendo\music-jamendo-0104.wav,1.32,
pair_01883,data/clean/LibriSpeech\dev-clean\8842\302203\8842-302203-0011.wav,mixed,data/clean/musan/noise\free-sound\noise-free-sound-0208.wav + data/clean/SESA\train\explosion_150.wav,12.37,1.2420625
pair_01884,data/clean/LibriSpeech\dev-clean\84\121550\84-121550-0001.wav,mixed,data/clean/musan/noise\free-sound\noise-free-sound-0512.wav + data/clean/SESA\test\siren_030.wav,14.17,0.5019375
pair_01885,data/clean/LibriSpeech\dev-clean\3576\138058\3576-138058-0010.wav,nonstationary,data/clean/musan/music\jamendo\music-jamendo-0005.wav,7.59,
pair_01886,data/clean/LibriSpeech\dev-clean\2803\154328\2803-154328-0005.wav,impulsive,data/clean/SESA\train\explosion_100.wav,-2.3,0.2345
pair_01887,data/clean/LibriSpeech\dev-clean\6345\93302\6345-93302-0027.wav,stationary,data/clean/musan/noise\free-sound\noise-free-sound-0573.wav,12.96,
pair_01888,data/clean/LibriSpeech\dev-clean\3000\15664\3000-15664-0031.wav,mixed,data/clean/musan/noise\free-sound\noise-free-sound-0063.wav + data/clean/SESA\train\explosion_062.wav,2.0,4.2440625
pair_01889,data/clean/LibriSpeech\dev-clean\7850\286674\7850-286674-0003.wav,impulsive,data/clean/SESA\train\explosion_162.wav,7.19,1.00325
pair_01890,data/clean/LibriSpeech\dev-clean\3853\163249\3853-163249-0025.wav,stationary,data/clean/musan/noise\free-sound\noise-free-sound-0020.wav,13.56,
pair_01891,data/clean/LibriSpeech\dev-clean\6313\76958\6313-76958-0004.wav,stationary,data/clean/musan/noise\free-sound\noise-free-sound-0211.wav,-2.46,
pair_01892,data/clean/LibriSpeech\dev-clean\1993\147965\1993-147965-0002.wav,impulsive,data/clean/SESA\train\explosion_204.wav,4.66,7.1425
pair_01893,data/clean/LibriSpeech\dev-clean\3536\23268\3536-23268-0026.wav,mixed,data/clean/musan/noise\free-sound\noise-free-sound-0213.wav + data/clean/SESA\train\explosion_180.wav,-2.4,2.631875
pair_01894,data/clean/LibriSpeech\dev-clean\251\118436\251-118436-0018.wav,stationary,data/clean/musan/noise\free-sound\noise-free-sound-0455.wav,11.66,
pair_01895,data/clean/LibriSpeech\dev-clean\6319\275224\6319-275224-0008.wav,nonstationary,data/clean/musan/music\fma\music-fma-0099.wav,-0.04,
pair_01896,data/clean/LibriSpeech\dev-clean\3752\4943\3752-4943-0022.wav,mixed,data/clean/musan/noise\free-sound\noise-free-sound-0440.wav + data/clean/SESA\train\explosion_002.wav,-4.0,1.3356875
pair_01897,data/clean/LibriSpeech\dev-clean\2078\142845\2078-142845-0013.wav,impulsive,data/clean/SESA\train\gunshot_040.wav,10.46,3.68325
pair_01898,data/clean/LibriSpeech\dev-clean\2902\9008\2902-9008-0006.wav,nonstationary,data/clean/musan/music\jamendo\music-jamendo-0128.wav,-0.32,
pair_01899,data/clean/LibriSpeech\dev-clean\8297\275154\8297-275154-0002.wav,impulsive,data/clean/SESA\train\gunshot_039.wav,5.88,2.599125
pair_01900,data/clean/LibriSpeech\dev-clean\7976\105575\7976-105575-0010.wav,impulsive,data/clean/SESA\test\explosion_119.wav,-3.16,2.211375
pair_01901,data/clean/LibriSpeech\dev-clean\3576\138058\3576-138058-0008.wav,mixed,data/clean/musan/noise\free-sound\noise-free-sound-0301.wav + data/clean/SESA\test\gunshot_032.wav,-1.8,0.6760625
pair_01902,data/clean/LibriSpeech\dev-clean\84\121550\84-121550-0020.wav,impulsive,data/clean/SESA\train\gunshot_017.wav,-0.45,2.76075
pair_01903,data/clean/LibriSpeech\dev-clean\422\122949\422-122949-0026.wav,mixed,data/clean/musan/noise\free-sound\noise-free-sound-0484.wav + data/clean/SESA\train\explosion_074.wav,9.25,1.53225
pair_01904,data/clean/LibriSpeech\dev-clean\6313\66129\6313-66129-0005.wav,impulsive,data/clean/SESA\train\siren_003.wav,-2.08,0.5993125
pair_01905,data/clean/LibriSpeech\dev-clean\1993\147149\1993-147149-0007.wav,nonstationary,data/clean/musan/music\jamendo\music-jamendo-0159.wav,9.66,
pair_01906,data/clean/LibriSpeech\dev-clean\422\122949\422-122949-0005.wav,stationary,data/clean/musan/noise\free-sound\noise-free-sound-0534.wav,-1.32,
pair_01907,data/clean/LibriSpeech\dev-clean\5536\43358\5536-43358-0006.wav,impulsive,data/clean/SESA\test\explosion_156.wav,13.63,0.182125
pair_01908,data/clean/LibriSpeech\dev-clean\251\136532\251-136532-0003.wav,stationary,data/clean/musan/noise\free-sound\noise-free-sound-0193.wav,0.6,
pair_01909,data/clean/LibriSpeech\dev-clean\5536\43358\5536-43358-0012.wav,stationary,data/clean/musan/noise\free-sound\noise-free-sound-0719.wav,0.82,
pair_01910,data/clean/LibriSpeech\dev-clean\1272\128104\1272-128104-0000.wav,impulsive,data/clean/SESA\train\siren_021.wav,-2.06,0.285375
pair_01911,data/clean/LibriSpeech\dev-clean\174\50561\174-50561-0018.wav,nonstationary,data/clean/musan/music\rfm\music-rfm-0000.wav,-4.51,
pair_01912,data/clean/LibriSpeech\dev-clean\2428\83699\2428-83699-0016.wav,nonstationary,data/clean/musan/music\fma-western-art\music-fma-wa-0063.wav,5.35,
pair_01913,data/clean/LibriSpeech\dev-clean\1462\170142\1462-170142-0014.wav,impulsive,data/clean/SESA\train\gunshot_033.wav,1.31,0.223125
pair_01914,data/clean/LibriSpeech\dev-clean\777\126732\777-126732-0048.wav,stationary,data/clean/musan/noise\free-sound\noise-free-sound-0379.wav,10.98,
pair_01915,data/clean/LibriSpeech\dev-clean\6313\66129\6313-66129-0027.wav,stationary,data/clean/musan/noise\free-sound\noise-free-sound-0378.wav,9.57,
pair_01916,data/clean/LibriSpeech\dev-clean\8842\302196\8842-302196-0006.wav,impulsive,data/clean/SESA\train\gunshot_089.wav,-4.07,1.7293125
pair_01917,data/clean/LibriSpeech\dev-clean\1988\147956\1988-147956-0028.wav,impulsive,data/clean/SESA\test\gunshot_061.wav,-1.04,2.3095625
pair_01918,data/clean/LibriSpeech\dev-clean\5895\34629\5895-34629-0022.wav,stationary,data/clean/musan/noise\free-sound\noise-free-sound-0822.wav,0.35,
pair_01919,data/clean/LibriSpeech\dev-clean\174\168635\174-168635-0000.wav,stationary,data/clean/musan/noise\free-sound\noise-free-sound-0214.wav,-2.36,
pair_01920,data/clean/LibriSpeech\dev-clean\6345\93306\6345-93306-0016.wav,mixed,data/clean/musan/noise\free-sound\noise-free-sound-0104.wav + data/clean/SESA\train\gunshot_055.wav,5.03,0.6409375
pair_01921,data/clean/LibriSpeech\dev-clean\84\121550\84-121550-0035.wav,impulsive,data/clean/SESA\train\explosion_049.wav,12.17,5.1134375
pair_01922,data/clean/LibriSpeech\dev-clean\1462\170138\1462-170138-0006.wav,stationary,data/clean/musan/noise\free-sound\noise-free-sound-0471.wav,12.15,
pair_01923,data/clean/LibriSpeech\dev-clean\5895\34629\5895-34629-0029.wav,nonstationary,data/clean/musan/music\rfm\music-rfm-0113.wav,9.39,
pair_01924,data/clean/LibriSpeech\dev-clean\1993\147149\1993-147149-0017.wav,nonstationary,data/clean/musan/music\jamendo\music-jamendo-0004.wav,9.26,
pair_01925,data/clean/LibriSpeech\dev-clean\2035\152373\2035-152373-0014.wav,stationary,data/clean/musan/noise\free-sound\noise-free-sound-0685.wav,3.14,
pair_01926,data/clean/LibriSpeech\dev-clean\5895\34622\5895-34622-0023.wav,nonstationary,data/clean/musan/music\rfm\music-rfm-0053.wav,13.4,
pair_01927,data/clean/LibriSpeech\dev-clean\5338\24615\5338-24615-0003.wav,nonstationary,data/clean/musan/music\rfm\music-rfm-0074.wav,9.35,
pair_01928,data/clean/LibriSpeech\dev-clean\3536\8226\3536-8226-0005.wav,mixed,data/clean/musan/noise\free-sound\noise-free-sound-0099.wav + data/clean/SESA\train\gunshot_010.wav,1.66,1.4000625
pair_01929,data/clean/LibriSpeech\dev-clean\7976\110124\7976-110124-0005.wav,impulsive,data/clean/SESA\train\explosion_149.wav,7.37,1.7173125
pair_01930,data/clean/LibriSpeech\dev-clean\1919\142785\1919-142785-0047.wav,mixed,data/clean/musan/noise\free-sound\noise-free-sound-0629.wav + data/clean/SESA\test\explosion_040.wav,3.85,11.0195625
pair_01931,data/clean/LibriSpeech\dev-clean\1988\24833\1988-24833-0014.wav,mixed,data/clean/musan/noise\free-sound\noise-free-sound-0171.wav + data/clean/SESA\train\explosion_026.wav,-2.22,1.1573125
pair_01932,data/clean/LibriSpeech\dev-clean\1462\170142\1462-170142-0030.wav,stationary,data/clean/musan/noise\free-sound\noise-free-sound-0201.wav,-4.33,
pair_01933,data/clean/LibriSpeech\dev-clean\3853\163249\3853-163249-0018.wav,nonstationary,data/clean/musan/music\jamendo\music-jamendo-0140.wav,-1.0,
pair_01934,data/clean/LibriSpeech\dev-clean\1988\148538\1988-148538-0013.wav,nonstationary,data/clean/musan/music\hd-classical\music-hd-0030.wav,13.41,
pair_01935,data/clean/LibriSpeech\dev-clean\2277\149874\2277-149874-0017.wav,mixed,data/clean/musan/noise\free-sound\noise-free-sound-0501.wav + data/clean/SESA\train\siren_070.wav,-4.98,0.0465
pair_01936,data/clean/LibriSpeech\dev-clean\2902\9008\2902-9008-0012.wav,mixed,data/clean/musan/noise\free-sound\noise-free-sound-0731.wav + data/clean/SESA\train\explosion_043.wav,4.24,1.4474375
pair_01937,data/clean/LibriSpeech\dev-clean\1993\147964\1993-147964-0008.wav,mixed,data/clean/musan/noise\free-sound\noise-free-sound-0354.wav + data/clean/SESA\train\explosion_178.wav,11.41,1.960125
pair_01938,data/clean/LibriSpeech\dev-clean\2428\83705\2428-83705-0015.wav,stationary,data/clean/musan/noise\free-sound\noise-free-sound-0609.wav,7.48,
pair_01939,data/clean/LibriSpeech\dev-clean\3081\166546\3081-166546-0033.wav,mixed,data/clean/musan/noise\free-sound\noise-free-sound-0700.wav + data/clean/SESA\test\explosion_189.wav,6.63,0.861125
pair_01940,data/clean/LibriSpeech\dev-clean\5694\64025\5694-64025-0001.wav,nonstationary,data/clean/musan/music\fma\music-fma-0058.wav,4.12,
pair_01941,data/clean/LibriSpeech\dev-clean\2035\147961\2035-147961-0029.wav,stationary,data/clean/musan/noise\free-sound\noise-free-sound-0104.wav,11.31,
pair_01942,data/clean/LibriSpeech\dev-clean\5694\64029\5694-64029-0027.wav,mixed,data/clean/musan/noise\free-sound\noise-free-sound-0842.wav + data/clean/SESA\train\explosion_175.wav,9.99,0.7855
pair_01943,data/clean/LibriSpeech\dev-clean\5895\34615\5895-34615-0005.wav,nonstationary,data/clean/musan/music\fma\music-fma-0066.wav,1.08,
pair_01944,data/clean/LibriSpeech\dev-clean\1462\170138\1462-170138-0004.wav,stationary,data/clean/musan/noise\free-sound\noise-free-sound-0532.wav,8.4,
pair_01945,data/clean/LibriSpeech\dev-clean\6241\61946\6241-61946-0019.wav,nonstationary,data/clean/musan/music\jamendo\music-jamendo-0092.wav,0.89,
pair_01946,data/clean/LibriSpeech\dev-clean\7976\110124\7976-110124-0018.wav,impulsive,data/clean/SESA\train\explosion_104.wav,11.49,0.4534375
pair_01947,data/clean/LibriSpeech\dev-clean\2086\149214\2086-149214-0000.wav,impulsive,data/clean/SESA\test\siren_047.wav,13.52,4.364375
pair_01948,data/clean/LibriSpeech\dev-clean\3576\138058\3576-138058-0011.wav,impulsive,data/clean/SESA\train\gunshot_015.wav,-3.89,1.5505625
pair_01949,data/clean/LibriSpeech\dev-clean\3853\163249\3853-163249-0052.wav,nonstationary,data/clean/musan/music\jamendo\music-jamendo-0137.wav,13.64,
pair_01950,data/clean/LibriSpeech\dev-clean\5895\34622\5895-34622-0002.wav,nonstationary,data/clean/musan/music\hd-classical\music-hd-0006.wav,3.03,
pair_01951,data/clean/LibriSpeech\dev-clean\2902\9006\2902-9006-0008.wav,impulsive,data/clean/SESA\train\explosion_207.wav,-4.98,3.1530625
pair_01952,data/clean/LibriSpeech\dev-clean\6319\64726\6319-64726-0019.wav,nonstationary,data/clean/musan/music\jamendo\music-jamendo-0172.wav,11.89,
pair_01953,data/clean/LibriSpeech\dev-clean\2277\149897\2277-149897-0026.wav,nonstationary,data/clean/musan/music\fma-western-art\music-fma-wa-0034.wav,13.52,
pair_01954,data/clean/LibriSpeech\dev-clean\6319\275224\6319-275224-0017.wav,impulsive,data/clean/SESA\train\gunshot_056.wav,7.59,1.229125
pair_01955,data/clean/LibriSpeech\dev-clean\2078\142845\2078-142845-0009.wav,impulsive,data/clean/SESA\test\explosion_189.wav,-3.11,1.658375
pair_01956,data/clean/LibriSpeech\dev-clean\5338\284437\5338-284437-0030.wav,nonstationary,data/clean/musan/music\fma\music-fma-0003.wav,14.97,
pair_01957,data/clean/LibriSpeech\dev-clean\1988\147956\1988-147956-0009.wav,stationary,data/clean/musan/noise\free-sound\noise-free-sound-0696.wav,-0.42,
pair_01958,data/clean/LibriSpeech\dev-clean\6313\76958\6313-76958-0009.wav,impulsive,data/clean/SESA\train\explosion_107.wav,7.49,0.926875
pair_01959,data/clean/LibriSpeech\dev-clean\8842\302201\8842-302201-0007.wav,nonstationary,data/clean/musan/music\jamendo\music-jamendo-0018.wav,-1.82,
pair_01960,data/clean/LibriSpeech\dev-clean\2428\83699\2428-83699-0011.wav,stationary,data/clean/musan/noise\free-sound\noise-free-sound-0203.wav,3.98,
pair_01961,data/clean/LibriSpeech\dev-clean\3576\138058\3576-138058-0038.wav,stationary,data/clean/musan/noise\free-sound\noise-free-sound-0653.wav,4.18,
pair_01962,data/clean/LibriSpeech\dev-clean\8297\275154\8297-275154-0016.wav,mixed,data/clean/musan/noise\free-sound\noise-free-sound-0641.wav + data/clean/SESA\train\gunshot_087.wav,9.25,0.4921875
pair_01963,data/clean/LibriSpeech\dev-clean\84\121550\84-121550-0034.wav,mixed,data/clean/musan/noise\free-sound\noise-free-sound-0635.wav + data/clean/SESA\train\siren_063.wav,9.24,1.9743125
pair_01964,data/clean/LibriSpeech\dev-clean\1988\147956\1988-147956-0006.wav,nonstationary,data/clean/musan/music\jamendo\music-jamendo-0145.wav,-1.87,
pair_01965,data/clean/LibriSpeech\dev-clean\3536\8226\3536-8226-0007.wav,stationary,data/clean/musan/noise\free-sound\noise-free-sound-0479.wav,6.83,
pair_01966,data/clean/LibriSpeech\dev-clean\2277\149896\2277-149896-0003.wav,impulsive,data/clean/SESA\train\gunshot_039.wav,11.01,0.899375
pair_01967,data/clean/LibriSpeech\dev-clean\2277\149897\2277-149897-0028.wav,stationary,data/clean/musan/noise\free-sound\noise-free-sound-0814.wav,-3.15,
pair_01968,data/clean/LibriSpeech\dev-clean\3752\4944\3752-4944-0054.wav,impulsive,data/clean/SESA\train\explosion_134.wav,-0.82,1.54925
pair_01969,data/clean/LibriSpeech\dev-clean\3081\166546\3081-166546-0006.wav,nonstationary,data/clean/musan/music\rfm\music-rfm-0010.wav,0.6,
pair_01970,data/clean/LibriSpeech\dev-clean\3752\4944\3752-4944-0048.wav,impulsive,data/clean/SESA\train\explosion_132.wav,1.17,0.05125
pair_01971,data/clean/LibriSpeech\dev-clean\84\121123\84-121123-0008.wav,mixed,data/clean/musan/noise\free-sound\noise-free-sound-0842.wav + data/clean/SESA\train\gunshot_065.wav,1.45,2.3615625
pair_01972,data/clean/LibriSpeech\dev-clean\7850\286674\7850-286674-0008.wav,stationary,data/clean/musan/noise\free-sound\noise-free-sound-0475.wav,3.39,
pair_01973,data/clean/LibriSpeech\dev-clean\5694\64025\5694-64025-0008.wav,stationary,data/clean/musan/noise\free-sound\noise-free-sound-0809.wav,-2.22,
pair_01974,data/clean/LibriSpeech\dev-clean\777\126732\777-126732-0004.wav,impulsive,data/clean/SESA\train\gunshot_011.wav,1.05,0.4279375
pair_01975,data/clean/LibriSpeech\dev-clean\3752\4944\3752-4944-0065.wav,mixed,data/clean/musan/noise\free-sound\noise-free-sound-0223.wav + data/clean/SESA\train\siren_076.wav,10.06,0.6391875
pair_01976,data/clean/LibriSpeech\dev-clean\1993\147966\1993-147966-0004.wav,mixed,data/clean/musan/noise\free-sound\noise-free-sound-0296.wav + data/clean/SESA\train\explosion_185.wav,12.57,0.1068125
pair_01977,data/clean/LibriSpeech\dev-clean\5536\43358\5536-43358-0004.wav,stationary,data/clean/musan/noise\free-sound\noise-free-sound-0392.wav,-3.64,
pair_01978,data/clean/LibriSpeech\dev-clean\3170\137482\3170-137482-0032.wav,mixed,data/clean/musan/noise\free-sound\noise-free-sound-0136.wav + data/clean/SESA\train\explosion_185.wav,13.21,1.46075
pair_01979,data/clean/LibriSpeech\dev-clean\5694\64038\5694-64038-0022.wav,stationary,data/clean/musan/noise\sound-bible\noise-sound-bible-0072.wav,11.3,
pair_01980,data/clean/LibriSpeech\dev-clean\1673\143397\1673-143397-0011.wav,nonstationary,data/clean/musan/music\fma\music-fma-0044.wav,5.48,
pair_01981,data/clean/LibriSpeech\dev-clean\7850\111771\7850-111771-0002.wav,impulsive,data/clean/SESA\train\explosion_060.wav,5.42,0.156
pair_01982,data/clean/LibriSpeech\dev-clean\1673\143396\1673-143396-0005.wav,nonstationary,data/clean/musan/music\rfm\music-rfm-0056.wav,14.47,
pair_01983,data/clean/LibriSpeech\dev-clean\2078\142845\2078-142845-0005.wav,nonstationary,data/clean/musan/music\fma-western-art\music-fma-wa-0000.wav,11.87,
pair_01984,data/clean/LibriSpeech\dev-clean\3536\23268\3536-23268-0002.wav,mixed,data/clean/musan/noise\free-sound\noise-free-sound-0834.wav + data/clean/SESA\train\explosion_117.wav,3.18,2.8316875
pair_01985,data/clean/LibriSpeech\dev-clean\1919\142785\1919-142785-0059.wav,stationary,data/clean/musan/noise\free-sound\noise-free-sound-0033.wav,1.82,
pair_01986,data/clean/LibriSpeech\dev-clean\7976\110124\7976-110124-0024.wav,stationary,data/clean/musan/noise\free-sound\noise-free-sound-0264.wav,4.3,
pair_01987,data/clean/LibriSpeech\dev-clean\652\130737\652-130737-0013.wav,mixed,data/clean/musan/noise\free-sound\noise-free-sound-0124.wav + data/clean/SESA\train\explosion_039.wav,7.27,0.49475
pair_01988,data/clean/LibriSpeech\dev-clean\6295\64301\6295-64301-0004.wav,mixed,data/clean/musan/noise\free-sound\noise-free-sound-0650.wav + data/clean/SESA\train\siren_055.wav,-0.63,0.9623125
pair_01989,data/clean/LibriSpeech\dev-clean\1919\142785\1919-142785-0029.wav,stationary,data/clean/musan/noise\free-sound\noise-free-sound-0756.wav,-1.26,
pair_01990,data/clean/LibriSpeech\dev-clean\174\50561\174-50561-0013.wav,impulsive,data/clean/SESA\test\explosion_036.wav,3.33,2.3965625
pair_01991,data/clean/LibriSpeech\dev-clean\2412\153954\2412-153954-0023.wav,stationary,data/clean/musan/noise\free-sound\noise-free-sound-0735.wav,8.3,
pair_01992,data/clean/LibriSpeech\dev-clean\8297\275154\8297-275154-0004.wav,mixed,data/clean/musan/noise\free-sound\noise-free-sound-0115.wav + data/clean/SESA\train\explosion_020.wav,13.01,0.63475
pair_01993,data/clean/LibriSpeech\dev-clean\2035\152373\2035-152373-0003.wav,mixed,data/clean/musan/noise\free-sound\noise-free-sound-0558.wav + data/clean/SESA\test\explosion_119.wav,11.15,1.5314375
pair_01994,data/clean/LibriSpeech\dev-clean\174\168635\174-168635-0005.wav,stationary,data/clean/musan/noise\free-sound\noise-free-sound-0528.wav,12.84,
pair_01995,data/clean/LibriSpeech\dev-clean\6345\93302\6345-93302-0006.wav,nonstationary,data/clean/musan/music\fma\music-fma-0100.wav,2.13,
pair_01996,data/clean/LibriSpeech\dev-clean\2277\149874\2277-149874-0005.wav,stationary,data/clean/musan/noise\free-sound\noise-free-sound-0137.wav,-3.42,
pair_01997,data/clean/LibriSpeech\dev-clean\6295\64301\6295-64301-0005.wav,stationary,data/clean/musan/noise\free-sound\noise-free-sound-0177.wav,0.18,
pair_01998,data/clean/LibriSpeech\dev-clean\1272\141231\1272-141231-0031.wav,mixed,data/clean/musan/noise\free-sound\noise-free-sound-0213.wav + data/clean/SESA\train\gunshot_025.wav,7.21,0.4021875
pair_01999,data/clean/LibriSpeech\dev-clean\2428\83699\2428-83699-0029.wav,nonstationary,data/clean/musan/music\jamendo\music-jamendo-0114.wav,0.76,
